split,image_id,blur_path,sharp_path
val,GOPR0384_11_00_000058.png,A:\HUST_on_GitHub\ProjectCV\dataset\GoPro\input\GOPR0384_11_00_000058.png,A:\HUST_on_GitHub\ProjectCV\dataset\GoPro\restored\GOPR0384_11_00_000058.png
val,GOPR0862_11_00_000039.png,A:\HUST_on_GitHub\ProjectCV\dataset\GoPro\input\GOPR0862_11_00_000039.png,A:\HUST_on_GitHub\ProjectCV\dataset\GoPro\restored\GOPR0862_11_00_000039.png
val,GOPR0384_11_00_000095.png,A:\HUST_on_GitHub\ProjectCV\dataset\GoPro\input\GOPR0384_11_00_000095.png,A:\HUST_on_GitHub\ProjectCV\dataset\GoPro\restored\GOPR0384_11_00_000095.png
val,GOPR0869_11_00_000094.png,A:\HUST_on_GitHub\ProjectCV\dataset\GoPro\input\GOPR0869_11_00_000094.png,A:\HUST_on_GitHub\ProjectCV\dataset\GoPro\restored\GOPR0869_11_00_000094.png
val,GOPR0384_11_05_004042.png,A:\HUST_on_GitHub\ProjectCV\dataset\GoPro\input\GOPR0384_11_05_004042.png,A:\HUST_on_GitHub\ProjectCV\dataset\GoPro\restored\GOPR0384_11_05_004042.png
val,GOPR0384_11_05_004018.png,A:\HUST_on_GitHub\ProjectCV\dataset\GoPro\input\GOPR0384_11_05_004018.png,A:\HUST_on_GitHub\ProjectCV\dataset\GoPro\restored\GOPR0384_11_05_004018.png
val,GOPR0854_11_00_000045.png,A:\HUST_on_GitHub\ProjectCV\dataset\GoPro\input\GOPR0854_11_00_000045.png,A:\HUST_on_GitHub\ProjectCV\dataset\GoPro\restored\GOPR0854_11_00_000045.png
val,GOPR0384_11_05_004096.png,A:\HUST_on_GitHub\ProjectCV\dataset\GoPro\input\GOPR0384_11_05_004096.png,A:\HUST_on_GitHub\ProjectCV\dataset\GoPro\restored\GOPR0384_11_05_004096.png
val,GOPR0881_11_01_000231.png,A:\HUST_on_GitHub\ProjectCV\dataset\GoPro\input\GOPR0881_11_01_000231.png,A:\HUST_on_GitHub\ProjectCV\dataset\GoPro\restored\GOPR0881_11_01_000231.png
val,GOPR0410_11_00_000171.png,A:\HUST_on_GitHub\ProjectCV\dataset\GoPro\input\GOPR0410_11_00_000171.png,A:\HUST_on_GitHub\ProjectCV\dataset\GoPro\restored\GOPR0410_11_00_000171.png
val,GOPR0868_11_00_000040.png,A:\HUST_on_GitHub\ProjectCV\dataset\GoPro\input\GOPR0868_11_00_000040.png,A:\HUST_on_GitHub\ProjectCV\dataset\GoPro\restored\GOPR0868_11_00_000040.png
val,GOPR0410_11_00_000135.png,A:\HUST_on_GitHub\ProjectCV\dataset\GoPro\input\GOPR0410_11_00_000135.png,A:\HUST_on_GitHub\ProjectCV\dataset\GoPro\restored\GOPR0410_11_00_000135.png
val,GOPR0881_11_01_000214.png,A:\HUST_on_GitHub\ProjectCV\dataset\GoPro\input\GOPR0881_11_01_000214.png,A:\HUST_on_GitHub\ProjectCV\dataset\GoPro\restored\GOPR0881_11_01_000214.png
val,GOPR0396_11_00_000059.png,A:\HUST_on_GitHub\ProjectCV\dataset\GoPro\input\GOPR0396_11_00_000059.png,A:\HUST_on_GitHub\ProjectCV\dataset\GoPro\restored\GOPR0396_11_00_000059.png
val,GOPR0869_11_00_000009.png,A:\HUST_on_GitHub\ProjectCV\dataset\GoPro\input\GOPR0869_11_00_000009.png,A:\HUST_on_GitHub\ProjectCV\dataset\GoPro\restored\GOPR0869_11_00_000009.png
val,GOPR0410_11_00_000189.png,A:\HUST_on_GitHub\ProjectCV\dataset\GoPro\input\GOPR0410_11_00_000189.png,A:\HUST_on_GitHub\ProjectCV\dataset\GoPro\restored\GOPR0410_11_00_000189.png
val,GOPR0881_11_01_000245.png,A:\HUST_on_GitHub\ProjectCV\dataset\GoPro\input\GOPR0881_11_01_000245.png,A:\HUST_on_GitHub\ProjectCV\dataset\GoPro\restored\GOPR0881_11_01_000245.png
val,GOPR0410_11_00_000120.png,A:\HUST_on_GitHub\ProjectCV\dataset\GoPro\input\GOPR0410_11_00_000120.png,A:\HUST_on_GitHub\ProjectCV\dataset\GoPro\restored\GOPR0410_11_00_000120.png
val,GOPR0868_11_00_000049.png,A:\HUST_on_GitHub\ProjectCV\dataset\GoPro\input\GOPR0868_11_00_000049.png,A:\HUST_on_GitHub\ProjectCV\dataset\GoPro\restored\GOPR0868_11_00_000049.png
val,GOPR0869_11_00_000025.png,A:\HUST_on_GitHub\ProjectCV\dataset\GoPro\input\GOPR0869_11_00_000025.png,A:\HUST_on_GitHub\ProjectCV\dataset\GoPro\restored\GOPR0869_11_00_000025.png
val,GOPR0410_11_00_000119.png,A:\HUST_on_GitHub\ProjectCV\dataset\GoPro\input\GOPR0410_11_00_000119.png,A:\HUST_on_GitHub\ProjectCV\dataset\GoPro\restored\GOPR0410_11_00_000119.png
val,GOPR0410_11_00_000152.png,A:\HUST_on_GitHub\ProjectCV\dataset\GoPro\input\GOPR0410_11_00_000152.png,A:\HUST_on_GitHub\ProjectCV\dataset\GoPro\restored\GOPR0410_11_00_000152.png
val,GOPR0862_11_00_000005.png,A:\HUST_on_GitHub\ProjectCV\dataset\GoPro\input\GOPR0862_11_00_000005.png,A:\HUST_on_GitHub\ProjectCV\dataset\GoPro\restored\GOPR0862_11_00_000005.png
val,GOPR0396_11_00_000042.png,A:\HUST_on_GitHub\ProjectCV\dataset\GoPro\input\GOPR0396_11_00_000042.png,A:\HUST_on_GitHub\ProjectCV\dataset\GoPro\restored\GOPR0396_11_00_000042.png
val,GOPR0881_11_01_000235.png,A:\HUST_on_GitHub\ProjectCV\dataset\GoPro\input\GOPR0881_11_01_000235.png,A:\HUST_on_GitHub\ProjectCV\dataset\GoPro\restored\GOPR0881_11_01_000235.png
val,GOPR0881_11_01_000213.png,A:\HUST_on_GitHub\ProjectCV\dataset\GoPro\input\GOPR0881_11_01_000213.png,A:\HUST_on_GitHub\ProjectCV\dataset\GoPro\restored\GOPR0881_11_01_000213.png
val,GOPR0881_11_01_000273.png,A:\HUST_on_GitHub\ProjectCV\dataset\GoPro\input\GOPR0881_11_01_000273.png,A:\HUST_on_GitHub\ProjectCV\dataset\GoPro\restored\GOPR0881_11_01_000273.png
val,GOPR0410_11_00_000116.png,A:\HUST_on_GitHub\ProjectCV\dataset\GoPro\input\GOPR0410_11_00_000116.png,A:\HUST_on_GitHub\ProjectCV\dataset\GoPro\restored\GOPR0410_11_00_000116.png
val,GOPR0869_11_00_000082.png,A:\HUST_on_GitHub\ProjectCV\dataset\GoPro\input\GOPR0869_11_00_000082.png,A:\HUST_on_GitHub\ProjectCV\dataset\GoPro\restored\GOPR0869_11_00_000082.png
val,GOPR0384_11_05_004034.png,A:\HUST_on_GitHub\ProjectCV\dataset\GoPro\input\GOPR0384_11_05_004034.png,A:\HUST_on_GitHub\ProjectCV\dataset\GoPro\restored\GOPR0384_11_05_004034.png
val,GOPR0384_11_00_000054.png,A:\HUST_on_GitHub\ProjectCV\dataset\GoPro\input\GOPR0384_11_00_000054.png,A:\HUST_on_GitHub\ProjectCV\dataset\GoPro\restored\GOPR0384_11_00_000054.png
val,GOPR0871_11_00_000087.png,A:\HUST_on_GitHub\ProjectCV\dataset\GoPro\input\GOPR0871_11_00_000087.png,A:\HUST_on_GitHub\ProjectCV\dataset\GoPro\restored\GOPR0871_11_00_000087.png
val,GOPR0854_11_00_000082.png,A:\HUST_on_GitHub\ProjectCV\dataset\GoPro\input\GOPR0854_11_00_000082.png,A:\HUST_on_GitHub\ProjectCV\dataset\GoPro\restored\GOPR0854_11_00_000082.png
val,GOPR0868_11_00_000099.png,A:\HUST_on_GitHub\ProjectCV\dataset\GoPro\input\GOPR0868_11_00_000099.png,A:\HUST_on_GitHub\ProjectCV\dataset\GoPro\restored\GOPR0868_11_00_000099.png
val,GOPR0396_11_00_000008.png,A:\HUST_on_GitHub\ProjectCV\dataset\GoPro\input\GOPR0396_11_00_000008.png,A:\HUST_on_GitHub\ProjectCV\dataset\GoPro\restored\GOPR0396_11_00_000008.png
val,GOPR0862_11_00_000067.png,A:\HUST_on_GitHub\ProjectCV\dataset\GoPro\input\GOPR0862_11_00_000067.png,A:\HUST_on_GitHub\ProjectCV\dataset\GoPro\restored\GOPR0862_11_00_000067.png
val,GOPR0862_11_00_000026.png,A:\HUST_on_GitHub\ProjectCV\dataset\GoPro\input\GOPR0862_11_00_000026.png,A:\HUST_on_GitHub\ProjectCV\dataset\GoPro\restored\GOPR0862_11_00_000026.png
val,GOPR0384_11_00_000092.png,A:\HUST_on_GitHub\ProjectCV\dataset\GoPro\input\GOPR0384_11_00_000092.png,A:\HUST_on_GitHub\ProjectCV\dataset\GoPro\restored\GOPR0384_11_00_000092.png
val,GOPR0384_11_00_000038.png,A:\HUST_on_GitHub\ProjectCV\dataset\GoPro\input\GOPR0384_11_00_000038.png,A:\HUST_on_GitHub\ProjectCV\dataset\GoPro\restored\GOPR0384_11_00_000038.png
val,GOPR0384_11_05_004065.png,A:\HUST_on_GitHub\ProjectCV\dataset\GoPro\input\GOPR0384_11_05_004065.png,A:\HUST_on_GitHub\ProjectCV\dataset\GoPro\restored\GOPR0384_11_05_004065.png
val,GOPR0881_11_01_000280.png,A:\HUST_on_GitHub\ProjectCV\dataset\GoPro\input\GOPR0881_11_01_000280.png,A:\HUST_on_GitHub\ProjectCV\dataset\GoPro\restored\GOPR0881_11_01_000280.png
val,GOPR0871_11_00_000021.png,A:\HUST_on_GitHub\ProjectCV\dataset\GoPro\input\GOPR0871_11_00_000021.png,A:\HUST_on_GitHub\ProjectCV\dataset\GoPro\restored\GOPR0871_11_00_000021.png
val,GOPR0869_11_00_000011.png,A:\HUST_on_GitHub\ProjectCV\dataset\GoPro\input\GOPR0869_11_00_000011.png,A:\HUST_on_GitHub\ProjectCV\dataset\GoPro\restored\GOPR0869_11_00_000011.png
val,GOPR0396_11_00_000090.png,A:\HUST_on_GitHub\ProjectCV\dataset\GoPro\input\GOPR0396_11_00_000090.png,A:\HUST_on_GitHub\ProjectCV\dataset\GoPro\restored\GOPR0396_11_00_000090.png
val,GOPR0881_11_01_000229.png,A:\HUST_on_GitHub\ProjectCV\dataset\GoPro\input\GOPR0881_11_01_000229.png,A:\HUST_on_GitHub\ProjectCV\dataset\GoPro\restored\GOPR0881_11_01_000229.png
val,GOPR0854_11_00_000090.png,A:\HUST_on_GitHub\ProjectCV\dataset\GoPro\input\GOPR0854_11_00_000090.png,A:\HUST_on_GitHub\ProjectCV\dataset\GoPro\restored\GOPR0854_11_00_000090.png
val,GOPR0868_11_00_000097.png,A:\HUST_on_GitHub\ProjectCV\dataset\GoPro\input\GOPR0868_11_00_000097.png,A:\HUST_on_GitHub\ProjectCV\dataset\GoPro\restored\GOPR0868_11_00_000097.png
val,GOPR0384_11_00_000031.png,A:\HUST_on_GitHub\ProjectCV\dataset\GoPro\input\GOPR0384_11_00_000031.png,A:\HUST_on_GitHub\ProjectCV\dataset\GoPro\restored\GOPR0384_11_00_000031.png
val,GOPR0396_11_00_000099.png,A:\HUST_on_GitHub\ProjectCV\dataset\GoPro\input\GOPR0396_11_00_000099.png,A:\HUST_on_GitHub\ProjectCV\dataset\GoPro\restored\GOPR0396_11_00_000099.png
val,GOPR0384_11_00_000036.png,A:\HUST_on_GitHub\ProjectCV\dataset\GoPro\input\GOPR0384_11_00_000036.png,A:\HUST_on_GitHub\ProjectCV\dataset\GoPro\restored\GOPR0384_11_00_000036.png
val,GOPR0871_11_00_000089.png,A:\HUST_on_GitHub\ProjectCV\dataset\GoPro\input\GOPR0871_11_00_000089.png,A:\HUST_on_GitHub\ProjectCV\dataset\GoPro\restored\GOPR0871_11_00_000089.png
val,GOPR0385_11_01_003047.png,A:\HUST_on_GitHub\ProjectCV\dataset\GoPro\input\GOPR0385_11_01_003047.png,A:\HUST_on_GitHub\ProjectCV\dataset\GoPro\restored\GOPR0385_11_01_003047.png
val,GOPR0410_11_00_000130.png,A:\HUST_on_GitHub\ProjectCV\dataset\GoPro\input\GOPR0410_11_00_000130.png,A:\HUST_on_GitHub\ProjectCV\dataset\GoPro\restored\GOPR0410_11_00_000130.png
val,GOPR0384_11_05_004030.png,A:\HUST_on_GitHub\ProjectCV\dataset\GoPro\input\GOPR0384_11_05_004030.png,A:\HUST_on_GitHub\ProjectCV\dataset\GoPro\restored\GOPR0384_11_05_004030.png
val,GOPR0881_11_01_000242.png,A:\HUST_on_GitHub\ProjectCV\dataset\GoPro\input\GOPR0881_11_01_000242.png,A:\HUST_on_GitHub\ProjectCV\dataset\GoPro\restored\GOPR0881_11_01_000242.png
val,GOPR0396_11_00_000075.png,A:\HUST_on_GitHub\ProjectCV\dataset\GoPro\input\GOPR0396_11_00_000075.png,A:\HUST_on_GitHub\ProjectCV\dataset\GoPro\restored\GOPR0396_11_00_000075.png
val,GOPR0862_11_00_000003.png,A:\HUST_on_GitHub\ProjectCV\dataset\GoPro\input\GOPR0862_11_00_000003.png,A:\HUST_on_GitHub\ProjectCV\dataset\GoPro\restored\GOPR0862_11_00_000003.png
val,GOPR0854_11_00_000020.png,A:\HUST_on_GitHub\ProjectCV\dataset\GoPro\input\GOPR0854_11_00_000020.png,A:\HUST_on_GitHub\ProjectCV\dataset\GoPro\restored\GOPR0854_11_00_000020.png
val,GOPR0385_11_01_003088.png,A:\HUST_on_GitHub\ProjectCV\dataset\GoPro\input\GOPR0385_11_01_003088.png,A:\HUST_on_GitHub\ProjectCV\dataset\GoPro\restored\GOPR0385_11_01_003088.png
val,GOPR0868_11_00_000033.png,A:\HUST_on_GitHub\ProjectCV\dataset\GoPro\input\GOPR0868_11_00_000033.png,A:\HUST_on_GitHub\ProjectCV\dataset\GoPro\restored\GOPR0868_11_00_000033.png
val,GOPR0384_11_05_004048.png,A:\HUST_on_GitHub\ProjectCV\dataset\GoPro\input\GOPR0384_11_05_004048.png,A:\HUST_on_GitHub\ProjectCV\dataset\GoPro\restored\GOPR0384_11_05_004048.png
val,GOPR0881_11_01_000251.png,A:\HUST_on_GitHub\ProjectCV\dataset\GoPro\input\GOPR0881_11_01_000251.png,A:\HUST_on_GitHub\ProjectCV\dataset\GoPro\restored\GOPR0881_11_01_000251.png
val,GOPR0410_11_00_000183.png,A:\HUST_on_GitHub\ProjectCV\dataset\GoPro\input\GOPR0410_11_00_000183.png,A:\HUST_on_GitHub\ProjectCV\dataset\GoPro\restored\GOPR0410_11_00_000183.png
val,GOPR0385_11_01_003061.png,A:\HUST_on_GitHub\ProjectCV\dataset\GoPro\input\GOPR0385_11_01_003061.png,A:\HUST_on_GitHub\ProjectCV\dataset\GoPro\restored\GOPR0385_11_01_003061.png
val,GOPR0385_11_01_003109.png,A:\HUST_on_GitHub\ProjectCV\dataset\GoPro\input\GOPR0385_11_01_003109.png,A:\HUST_on_GitHub\ProjectCV\dataset\GoPro\restored\GOPR0385_11_01_003109.png
val,GOPR0862_11_00_000075.png,A:\HUST_on_GitHub\ProjectCV\dataset\GoPro\input\GOPR0862_11_00_000075.png,A:\HUST_on_GitHub\ProjectCV\dataset\GoPro\restored\GOPR0862_11_00_000075.png
val,GOPR0869_11_00_000022.png,A:\HUST_on_GitHub\ProjectCV\dataset\GoPro\input\GOPR0869_11_00_000022.png,A:\HUST_on_GitHub\ProjectCV\dataset\GoPro\restored\GOPR0869_11_00_000022.png
val,GOPR0871_11_00_000061.png,A:\HUST_on_GitHub\ProjectCV\dataset\GoPro\input\GOPR0871_11_00_000061.png,A:\HUST_on_GitHub\ProjectCV\dataset\GoPro\restored\GOPR0871_11_00_000061.png
val,GOPR0384_11_00_000050.png,A:\HUST_on_GitHub\ProjectCV\dataset\GoPro\input\GOPR0384_11_00_000050.png,A:\HUST_on_GitHub\ProjectCV\dataset\GoPro\restored\GOPR0384_11_00_000050.png
val,GOPR0854_11_00_000061.png,A:\HUST_on_GitHub\ProjectCV\dataset\GoPro\input\GOPR0854_11_00_000061.png,A:\HUST_on_GitHub\ProjectCV\dataset\GoPro\restored\GOPR0854_11_00_000061.png
val,GOPR0410_11_00_000114.png,A:\HUST_on_GitHub\ProjectCV\dataset\GoPro\input\GOPR0410_11_00_000114.png,A:\HUST_on_GitHub\ProjectCV\dataset\GoPro\restored\GOPR0410_11_00_000114.png
val,GOPR0410_11_00_000218.png,A:\HUST_on_GitHub\ProjectCV\dataset\GoPro\input\GOPR0410_11_00_000218.png,A:\HUST_on_GitHub\ProjectCV\dataset\GoPro\restored\GOPR0410_11_00_000218.png
val,GOPR0881_11_01_000217.png,A:\HUST_on_GitHub\ProjectCV\dataset\GoPro\input\GOPR0881_11_01_000217.png,A:\HUST_on_GitHub\ProjectCV\dataset\GoPro\restored\GOPR0881_11_01_000217.png
val,GOPR0396_11_00_000006.png,A:\HUST_on_GitHub\ProjectCV\dataset\GoPro\input\GOPR0396_11_00_000006.png,A:\HUST_on_GitHub\ProjectCV\dataset\GoPro\restored\GOPR0396_11_00_000006.png
val,GOPR0410_11_00_000178.png,A:\HUST_on_GitHub\ProjectCV\dataset\GoPro\input\GOPR0410_11_00_000178.png,A:\HUST_on_GitHub\ProjectCV\dataset\GoPro\restored\GOPR0410_11_00_000178.png
val,GOPR0410_11_00_000229.png,A:\HUST_on_GitHub\ProjectCV\dataset\GoPro\input\GOPR0410_11_00_000229.png,A:\HUST_on_GitHub\ProjectCV\dataset\GoPro\restored\GOPR0410_11_00_000229.png
val,GOPR0862_11_00_000009.png,A:\HUST_on_GitHub\ProjectCV\dataset\GoPro\input\GOPR0862_11_00_000009.png,A:\HUST_on_GitHub\ProjectCV\dataset\GoPro\restored\GOPR0862_11_00_000009.png
val,GOPR0385_11_01_003100.png,A:\HUST_on_GitHub\ProjectCV\dataset\GoPro\input\GOPR0385_11_01_003100.png,A:\HUST_on_GitHub\ProjectCV\dataset\GoPro\restored\GOPR0385_11_01_003100.png
val,GOPR0384_11_05_004053.png,A:\HUST_on_GitHub\ProjectCV\dataset\GoPro\input\GOPR0384_11_05_004053.png,A:\HUST_on_GitHub\ProjectCV\dataset\GoPro\restored\GOPR0384_11_05_004053.png
val,GOPR0862_11_00_000062.png,A:\HUST_on_GitHub\ProjectCV\dataset\GoPro\input\GOPR0862_11_00_000062.png,A:\HUST_on_GitHub\ProjectCV\dataset\GoPro\restored\GOPR0862_11_00_000062.png
val,GOPR0868_11_00_000003.png,A:\HUST_on_GitHub\ProjectCV\dataset\GoPro\input\GOPR0868_11_00_000003.png,A:\HUST_on_GitHub\ProjectCV\dataset\GoPro\restored\GOPR0868_11_00_000003.png
val,GOPR0384_11_00_000089.png,A:\HUST_on_GitHub\ProjectCV\dataset\GoPro\input\GOPR0384_11_00_000089.png,A:\HUST_on_GitHub\ProjectCV\dataset\GoPro\restored\GOPR0384_11_00_000089.png
val,GOPR0384_11_00_000040.png,A:\HUST_on_GitHub\ProjectCV\dataset\GoPro\input\GOPR0384_11_00_000040.png,A:\HUST_on_GitHub\ProjectCV\dataset\GoPro\restored\GOPR0384_11_00_000040.png
val,GOPR0854_11_00_000093.png,A:\HUST_on_GitHub\ProjectCV\dataset\GoPro\input\GOPR0854_11_00_000093.png,A:\HUST_on_GitHub\ProjectCV\dataset\GoPro\restored\GOPR0854_11_00_000093.png
val,GOPR0854_11_00_000035.png,A:\HUST_on_GitHub\ProjectCV\dataset\GoPro\input\GOPR0854_11_00_000035.png,A:\HUST_on_GitHub\ProjectCV\dataset\GoPro\restored\GOPR0854_11_00_000035.png
val,GOPR0384_11_05_004080.png,A:\HUST_on_GitHub\ProjectCV\dataset\GoPro\input\GOPR0384_11_05_004080.png,A:\HUST_on_GitHub\ProjectCV\dataset\GoPro\restored\GOPR0384_11_05_004080.png
val,GOPR0384_11_05_004027.png,A:\HUST_on_GitHub\ProjectCV\dataset\GoPro\input\GOPR0384_11_05_004027.png,A:\HUST_on_GitHub\ProjectCV\dataset\GoPro\restored\GOPR0384_11_05_004027.png
val,GOPR0869_11_00_000092.png,A:\HUST_on_GitHub\ProjectCV\dataset\GoPro\input\GOPR0869_11_00_000092.png,A:\HUST_on_GitHub\ProjectCV\dataset\GoPro\restored\GOPR0869_11_00_000092.png
val,GOPR0410_11_00_000145.png,A:\HUST_on_GitHub\ProjectCV\dataset\GoPro\input\GOPR0410_11_00_000145.png,A:\HUST_on_GitHub\ProjectCV\dataset\GoPro\restored\GOPR0410_11_00_000145.png
val,GOPR0868_11_00_000060.png,A:\HUST_on_GitHub\ProjectCV\dataset\GoPro\input\GOPR0868_11_00_000060.png,A:\HUST_on_GitHub\ProjectCV\dataset\GoPro\restored\GOPR0868_11_00_000060.png
val,GOPR0871_11_00_000025.png,A:\HUST_on_GitHub\ProjectCV\dataset\GoPro\input\GOPR0871_11_00_000025.png,A:\HUST_on_GitHub\ProjectCV\dataset\GoPro\restored\GOPR0871_11_00_000025.png
val,GOPR0871_11_00_000099.png,A:\HUST_on_GitHub\ProjectCV\dataset\GoPro\input\GOPR0871_11_00_000099.png,A:\HUST_on_GitHub\ProjectCV\dataset\GoPro\restored\GOPR0871_11_00_000099.png
val,GOPR0410_11_00_000230.png,A:\HUST_on_GitHub\ProjectCV\dataset\GoPro\input\GOPR0410_11_00_000230.png,A:\HUST_on_GitHub\ProjectCV\dataset\GoPro\restored\GOPR0410_11_00_000230.png
val,GOPR0862_11_00_000040.png,A:\HUST_on_GitHub\ProjectCV\dataset\GoPro\input\GOPR0862_11_00_000040.png,A:\HUST_on_GitHub\ProjectCV\dataset\GoPro\restored\GOPR0862_11_00_000040.png
val,GOPR0862_11_00_000004.png,A:\HUST_on_GitHub\ProjectCV\dataset\GoPro\input\GOPR0862_11_00_000004.png,A:\HUST_on_GitHub\ProjectCV\dataset\GoPro\restored\GOPR0862_11_00_000004.png
val,GOPR0410_11_00_000126.png,A:\HUST_on_GitHub\ProjectCV\dataset\GoPro\input\GOPR0410_11_00_000126.png,A:\HUST_on_GitHub\ProjectCV\dataset\GoPro\restored\GOPR0410_11_00_000126.png
val,GOPR0385_11_01_003032.png,A:\HUST_on_GitHub\ProjectCV\dataset\GoPro\input\GOPR0385_11_01_003032.png,A:\HUST_on_GitHub\ProjectCV\dataset\GoPro\restored\GOPR0385_11_01_003032.png
val,GOPR0410_11_00_000148.png,A:\HUST_on_GitHub\ProjectCV\dataset\GoPro\input\GOPR0410_11_00_000148.png,A:\HUST_on_GitHub\ProjectCV\dataset\GoPro\restored\GOPR0410_11_00_000148.png
val,GOPR0410_11_00_000224.png,A:\HUST_on_GitHub\ProjectCV\dataset\GoPro\input\GOPR0410_11_00_000224.png,A:\HUST_on_GitHub\ProjectCV\dataset\GoPro\restored\GOPR0410_11_00_000224.png
val,GOPR0862_11_00_000071.png,A:\HUST_on_GitHub\ProjectCV\dataset\GoPro\input\GOPR0862_11_00_000071.png,A:\HUST_on_GitHub\ProjectCV\dataset\GoPro\restored\GOPR0862_11_00_000071.png
val,GOPR0862_11_00_000050.png,A:\HUST_on_GitHub\ProjectCV\dataset\GoPro\input\GOPR0862_11_00_000050.png,A:\HUST_on_GitHub\ProjectCV\dataset\GoPro\restored\GOPR0862_11_00_000050.png
val,GOPR0869_11_00_000096.png,A:\HUST_on_GitHub\ProjectCV\dataset\GoPro\input\GOPR0869_11_00_000096.png,A:\HUST_on_GitHub\ProjectCV\dataset\GoPro\restored\GOPR0869_11_00_000096.png
val,GOPR0871_11_00_000063.png,A:\HUST_on_GitHub\ProjectCV\dataset\GoPro\input\GOPR0871_11_00_000063.png,A:\HUST_on_GitHub\ProjectCV\dataset\GoPro\restored\GOPR0871_11_00_000063.png
val,GOPR0869_11_00_000012.png,A:\HUST_on_GitHub\ProjectCV\dataset\GoPro\input\GOPR0869_11_00_000012.png,A:\HUST_on_GitHub\ProjectCV\dataset\GoPro\restored\GOPR0869_11_00_000012.png
val,GOPR0384_11_00_000008.png,A:\HUST_on_GitHub\ProjectCV\dataset\GoPro\input\GOPR0384_11_00_000008.png,A:\HUST_on_GitHub\ProjectCV\dataset\GoPro\restored\GOPR0384_11_00_000008.png
val,GOPR0881_11_01_000292.png,A:\HUST_on_GitHub\ProjectCV\dataset\GoPro\input\GOPR0881_11_01_000292.png,A:\HUST_on_GitHub\ProjectCV\dataset\GoPro\restored\GOPR0881_11_01_000292.png
val,GOPR0862_11_00_000057.png,A:\HUST_on_GitHub\ProjectCV\dataset\GoPro\input\GOPR0862_11_00_000057.png,A:\HUST_on_GitHub\ProjectCV\dataset\GoPro\restored\GOPR0862_11_00_000057.png
val,GOPR0869_11_00_000067.png,A:\HUST_on_GitHub\ProjectCV\dataset\GoPro\input\GOPR0869_11_00_000067.png,A:\HUST_on_GitHub\ProjectCV\dataset\GoPro\restored\GOPR0869_11_00_000067.png
val,GOPR0854_11_00_000029.png,A:\HUST_on_GitHub\ProjectCV\dataset\GoPro\input\GOPR0854_11_00_000029.png,A:\HUST_on_GitHub\ProjectCV\dataset\GoPro\restored\GOPR0854_11_00_000029.png
val,GOPR0396_11_00_000048.png,A:\HUST_on_GitHub\ProjectCV\dataset\GoPro\input\GOPR0396_11_00_000048.png,A:\HUST_on_GitHub\ProjectCV\dataset\GoPro\restored\GOPR0396_11_00_000048.png
val,GOPR0881_11_01_000211.png,A:\HUST_on_GitHub\ProjectCV\dataset\GoPro\input\GOPR0881_11_01_000211.png,A:\HUST_on_GitHub\ProjectCV\dataset\GoPro\restored\GOPR0881_11_01_000211.png
val,GOPR0385_11_01_003044.png,A:\HUST_on_GitHub\ProjectCV\dataset\GoPro\input\GOPR0385_11_01_003044.png,A:\HUST_on_GitHub\ProjectCV\dataset\GoPro\restored\GOPR0385_11_01_003044.png
val,GOPR0385_11_01_003104.png,A:\HUST_on_GitHub\ProjectCV\dataset\GoPro\input\GOPR0385_11_01_003104.png,A:\HUST_on_GitHub\ProjectCV\dataset\GoPro\restored\GOPR0385_11_01_003104.png
val,GOPR0385_11_01_003108.png,A:\HUST_on_GitHub\ProjectCV\dataset\GoPro\input\GOPR0385_11_01_003108.png,A:\HUST_on_GitHub\ProjectCV\dataset\GoPro\restored\GOPR0385_11_01_003108.png
val,GOPR0854_11_00_000095.png,A:\HUST_on_GitHub\ProjectCV\dataset\GoPro\input\GOPR0854_11_00_000095.png,A:\HUST_on_GitHub\ProjectCV\dataset\GoPro\restored\GOPR0854_11_00_000095.png
val,GOPR0869_11_00_000047.png,A:\HUST_on_GitHub\ProjectCV\dataset\GoPro\input\GOPR0869_11_00_000047.png,A:\HUST_on_GitHub\ProjectCV\dataset\GoPro\restored\GOPR0869_11_00_000047.png
val,GOPR0410_11_00_000210.png,A:\HUST_on_GitHub\ProjectCV\dataset\GoPro\input\GOPR0410_11_00_000210.png,A:\HUST_on_GitHub\ProjectCV\dataset\GoPro\restored\GOPR0410_11_00_000210.png
val,GOPR0871_11_00_000038.png,A:\HUST_on_GitHub\ProjectCV\dataset\GoPro\input\GOPR0871_11_00_000038.png,A:\HUST_on_GitHub\ProjectCV\dataset\GoPro\restored\GOPR0871_11_00_000038.png
val,GOPR0384_11_05_004092.png,A:\HUST_on_GitHub\ProjectCV\dataset\GoPro\input\GOPR0384_11_05_004092.png,A:\HUST_on_GitHub\ProjectCV\dataset\GoPro\restored\GOPR0384_11_05_004092.png
val,GOPR0385_11_01_003033.png,A:\HUST_on_GitHub\ProjectCV\dataset\GoPro\input\GOPR0385_11_01_003033.png,A:\HUST_on_GitHub\ProjectCV\dataset\GoPro\restored\GOPR0385_11_01_003033.png
val,GOPR0871_11_00_000027.png,A:\HUST_on_GitHub\ProjectCV\dataset\GoPro\input\GOPR0871_11_00_000027.png,A:\HUST_on_GitHub\ProjectCV\dataset\GoPro\restored\GOPR0871_11_00_000027.png
val,GOPR0869_11_00_000048.png,A:\HUST_on_GitHub\ProjectCV\dataset\GoPro\input\GOPR0869_11_00_000048.png,A:\HUST_on_GitHub\ProjectCV\dataset\GoPro\restored\GOPR0869_11_00_000048.png
val,GOPR0868_11_00_000024.png,A:\HUST_on_GitHub\ProjectCV\dataset\GoPro\input\GOPR0868_11_00_000024.png,A:\HUST_on_GitHub\ProjectCV\dataset\GoPro\restored\GOPR0868_11_00_000024.png
val,GOPR0868_11_00_000058.png,A:\HUST_on_GitHub\ProjectCV\dataset\GoPro\input\GOPR0868_11_00_000058.png,A:\HUST_on_GitHub\ProjectCV\dataset\GoPro\restored\GOPR0868_11_00_000058.png
val,GOPR0871_11_00_000032.png,A:\HUST_on_GitHub\ProjectCV\dataset\GoPro\input\GOPR0871_11_00_000032.png,A:\HUST_on_GitHub\ProjectCV\dataset\GoPro\restored\GOPR0871_11_00_000032.png
val,GOPR0881_11_01_000249.png,A:\HUST_on_GitHub\ProjectCV\dataset\GoPro\input\GOPR0881_11_01_000249.png,A:\HUST_on_GitHub\ProjectCV\dataset\GoPro\restored\GOPR0881_11_01_000249.png
val,GOPR0410_11_00_000181.png,A:\HUST_on_GitHub\ProjectCV\dataset\GoPro\input\GOPR0410_11_00_000181.png,A:\HUST_on_GitHub\ProjectCV\dataset\GoPro\restored\GOPR0410_11_00_000181.png
val,GOPR0384_11_05_004052.png,A:\HUST_on_GitHub\ProjectCV\dataset\GoPro\input\GOPR0384_11_05_004052.png,A:\HUST_on_GitHub\ProjectCV\dataset\GoPro\restored\GOPR0384_11_05_004052.png
val,GOPR0385_11_01_003074.png,A:\HUST_on_GitHub\ProjectCV\dataset\GoPro\input\GOPR0385_11_01_003074.png,A:\HUST_on_GitHub\ProjectCV\dataset\GoPro\restored\GOPR0385_11_01_003074.png
val,GOPR0854_11_00_000033.png,A:\HUST_on_GitHub\ProjectCV\dataset\GoPro\input\GOPR0854_11_00_000033.png,A:\HUST_on_GitHub\ProjectCV\dataset\GoPro\restored\GOPR0854_11_00_000033.png
val,GOPR0410_11_00_000222.png,A:\HUST_on_GitHub\ProjectCV\dataset\GoPro\input\GOPR0410_11_00_000222.png,A:\HUST_on_GitHub\ProjectCV\dataset\GoPro\restored\GOPR0410_11_00_000222.png
val,GOPR0384_11_05_004057.png,A:\HUST_on_GitHub\ProjectCV\dataset\GoPro\input\GOPR0384_11_05_004057.png,A:\HUST_on_GitHub\ProjectCV\dataset\GoPro\restored\GOPR0384_11_05_004057.png
val,GOPR0881_11_01_000256.png,A:\HUST_on_GitHub\ProjectCV\dataset\GoPro\input\GOPR0881_11_01_000256.png,A:\HUST_on_GitHub\ProjectCV\dataset\GoPro\restored\GOPR0881_11_01_000256.png
val,GOPR0854_11_00_000042.png,A:\HUST_on_GitHub\ProjectCV\dataset\GoPro\input\GOPR0854_11_00_000042.png,A:\HUST_on_GitHub\ProjectCV\dataset\GoPro\restored\GOPR0854_11_00_000042.png
val,GOPR0410_11_00_000162.png,A:\HUST_on_GitHub\ProjectCV\dataset\GoPro\input\GOPR0410_11_00_000162.png,A:\HUST_on_GitHub\ProjectCV\dataset\GoPro\restored\GOPR0410_11_00_000162.png
val,GOPR0868_11_00_000052.png,A:\HUST_on_GitHub\ProjectCV\dataset\GoPro\input\GOPR0868_11_00_000052.png,A:\HUST_on_GitHub\ProjectCV\dataset\GoPro\restored\GOPR0868_11_00_000052.png
val,GOPR0871_11_00_000041.png,A:\HUST_on_GitHub\ProjectCV\dataset\GoPro\input\GOPR0871_11_00_000041.png,A:\HUST_on_GitHub\ProjectCV\dataset\GoPro\restored\GOPR0871_11_00_000041.png
val,GOPR0385_11_01_003058.png,A:\HUST_on_GitHub\ProjectCV\dataset\GoPro\input\GOPR0385_11_01_003058.png,A:\HUST_on_GitHub\ProjectCV\dataset\GoPro\restored\GOPR0385_11_01_003058.png
val,GOPR0869_11_00_000080.png,A:\HUST_on_GitHub\ProjectCV\dataset\GoPro\input\GOPR0869_11_00_000080.png,A:\HUST_on_GitHub\ProjectCV\dataset\GoPro\restored\GOPR0869_11_00_000080.png
val,GOPR0410_11_00_000121.png,A:\HUST_on_GitHub\ProjectCV\dataset\GoPro\input\GOPR0410_11_00_000121.png,A:\HUST_on_GitHub\ProjectCV\dataset\GoPro\restored\GOPR0410_11_00_000121.png
val,GOPR0384_11_05_004038.png,A:\HUST_on_GitHub\ProjectCV\dataset\GoPro\input\GOPR0384_11_05_004038.png,A:\HUST_on_GitHub\ProjectCV\dataset\GoPro\restored\GOPR0384_11_05_004038.png
val,GOPR0869_11_00_000026.png,A:\HUST_on_GitHub\ProjectCV\dataset\GoPro\input\GOPR0869_11_00_000026.png,A:\HUST_on_GitHub\ProjectCV\dataset\GoPro\restored\GOPR0869_11_00_000026.png
val,GOPR0385_11_01_003067.png,A:\HUST_on_GitHub\ProjectCV\dataset\GoPro\input\GOPR0385_11_01_003067.png,A:\HUST_on_GitHub\ProjectCV\dataset\GoPro\restored\GOPR0385_11_01_003067.png
val,GOPR0881_11_01_000238.png,A:\HUST_on_GitHub\ProjectCV\dataset\GoPro\input\GOPR0881_11_01_000238.png,A:\HUST_on_GitHub\ProjectCV\dataset\GoPro\restored\GOPR0881_11_01_000238.png
val,GOPR0881_11_01_000299.png,A:\HUST_on_GitHub\ProjectCV\dataset\GoPro\input\GOPR0881_11_01_000299.png,A:\HUST_on_GitHub\ProjectCV\dataset\GoPro\restored\GOPR0881_11_01_000299.png
val,GOPR0871_11_00_000033.png,A:\HUST_on_GitHub\ProjectCV\dataset\GoPro\input\GOPR0871_11_00_000033.png,A:\HUST_on_GitHub\ProjectCV\dataset\GoPro\restored\GOPR0871_11_00_000033.png
val,GOPR0384_11_00_000026.png,A:\HUST_on_GitHub\ProjectCV\dataset\GoPro\input\GOPR0384_11_00_000026.png,A:\HUST_on_GitHub\ProjectCV\dataset\GoPro\restored\GOPR0384_11_00_000026.png
val,GOPR0854_11_00_000070.png,A:\HUST_on_GitHub\ProjectCV\dataset\GoPro\input\GOPR0854_11_00_000070.png,A:\HUST_on_GitHub\ProjectCV\dataset\GoPro\restored\GOPR0854_11_00_000070.png
val,GOPR0384_11_00_000037.png,A:\HUST_on_GitHub\ProjectCV\dataset\GoPro\input\GOPR0384_11_00_000037.png,A:\HUST_on_GitHub\ProjectCV\dataset\GoPro\restored\GOPR0384_11_00_000037.png
val,GOPR0384_11_05_004077.png,A:\HUST_on_GitHub\ProjectCV\dataset\GoPro\input\GOPR0384_11_05_004077.png,A:\HUST_on_GitHub\ProjectCV\dataset\GoPro\restored\GOPR0384_11_05_004077.png
val,GOPR0871_11_00_000086.png,A:\HUST_on_GitHub\ProjectCV\dataset\GoPro\input\GOPR0871_11_00_000086.png,A:\HUST_on_GitHub\ProjectCV\dataset\GoPro\restored\GOPR0871_11_00_000086.png
val,GOPR0881_11_01_000230.png,A:\HUST_on_GitHub\ProjectCV\dataset\GoPro\input\GOPR0881_11_01_000230.png,A:\HUST_on_GitHub\ProjectCV\dataset\GoPro\restored\GOPR0881_11_01_000230.png
val,GOPR0881_11_01_000258.png,A:\HUST_on_GitHub\ProjectCV\dataset\GoPro\input\GOPR0881_11_01_000258.png,A:\HUST_on_GitHub\ProjectCV\dataset\GoPro\restored\GOPR0881_11_01_000258.png
val,GOPR0871_11_00_000026.png,A:\HUST_on_GitHub\ProjectCV\dataset\GoPro\input\GOPR0871_11_00_000026.png,A:\HUST_on_GitHub\ProjectCV\dataset\GoPro\restored\GOPR0871_11_00_000026.png
val,GOPR0384_11_00_000041.png,A:\HUST_on_GitHub\ProjectCV\dataset\GoPro\input\GOPR0384_11_00_000041.png,A:\HUST_on_GitHub\ProjectCV\dataset\GoPro\restored\GOPR0384_11_00_000041.png
val,GOPR0384_11_00_000052.png,A:\HUST_on_GitHub\ProjectCV\dataset\GoPro\input\GOPR0384_11_00_000052.png,A:\HUST_on_GitHub\ProjectCV\dataset\GoPro\restored\GOPR0384_11_00_000052.png
val,GOPR0385_11_01_003059.png,A:\HUST_on_GitHub\ProjectCV\dataset\GoPro\input\GOPR0385_11_01_003059.png,A:\HUST_on_GitHub\ProjectCV\dataset\GoPro\restored\GOPR0385_11_01_003059.png
val,GOPR0868_11_00_000084.png,A:\HUST_on_GitHub\ProjectCV\dataset\GoPro\input\GOPR0868_11_00_000084.png,A:\HUST_on_GitHub\ProjectCV\dataset\GoPro\restored\GOPR0868_11_00_000084.png
val,GOPR0410_11_00_000153.png,A:\HUST_on_GitHub\ProjectCV\dataset\GoPro\input\GOPR0410_11_00_000153.png,A:\HUST_on_GitHub\ProjectCV\dataset\GoPro\restored\GOPR0410_11_00_000153.png
val,GOPR0869_11_00_000052.png,A:\HUST_on_GitHub\ProjectCV\dataset\GoPro\input\GOPR0869_11_00_000052.png,A:\HUST_on_GitHub\ProjectCV\dataset\GoPro\restored\GOPR0869_11_00_000052.png
val,GOPR0881_11_01_000284.png,A:\HUST_on_GitHub\ProjectCV\dataset\GoPro\input\GOPR0881_11_01_000284.png,A:\HUST_on_GitHub\ProjectCV\dataset\GoPro\restored\GOPR0881_11_01_000284.png
val,GOPR0869_11_00_000020.png,A:\HUST_on_GitHub\ProjectCV\dataset\GoPro\input\GOPR0869_11_00_000020.png,A:\HUST_on_GitHub\ProjectCV\dataset\GoPro\restored\GOPR0869_11_00_000020.png
val,GOPR0871_11_00_000064.png,A:\HUST_on_GitHub\ProjectCV\dataset\GoPro\input\GOPR0871_11_00_000064.png,A:\HUST_on_GitHub\ProjectCV\dataset\GoPro\restored\GOPR0871_11_00_000064.png
val,GOPR0384_11_05_004024.png,A:\HUST_on_GitHub\ProjectCV\dataset\GoPro\input\GOPR0384_11_05_004024.png,A:\HUST_on_GitHub\ProjectCV\dataset\GoPro\restored\GOPR0384_11_05_004024.png
val,GOPR0862_11_00_000053.png,A:\HUST_on_GitHub\ProjectCV\dataset\GoPro\input\GOPR0862_11_00_000053.png,A:\HUST_on_GitHub\ProjectCV\dataset\GoPro\restored\GOPR0862_11_00_000053.png
val,GOPR0385_11_01_003043.png,A:\HUST_on_GitHub\ProjectCV\dataset\GoPro\input\GOPR0385_11_01_003043.png,A:\HUST_on_GitHub\ProjectCV\dataset\GoPro\restored\GOPR0385_11_01_003043.png
val,GOPR0385_11_01_003077.png,A:\HUST_on_GitHub\ProjectCV\dataset\GoPro\input\GOPR0385_11_01_003077.png,A:\HUST_on_GitHub\ProjectCV\dataset\GoPro\restored\GOPR0385_11_01_003077.png
val,GOPR0854_11_00_000071.png,A:\HUST_on_GitHub\ProjectCV\dataset\GoPro\input\GOPR0854_11_00_000071.png,A:\HUST_on_GitHub\ProjectCV\dataset\GoPro\restored\GOPR0854_11_00_000071.png
val,GOPR0396_11_00_000004.png,A:\HUST_on_GitHub\ProjectCV\dataset\GoPro\input\GOPR0396_11_00_000004.png,A:\HUST_on_GitHub\ProjectCV\dataset\GoPro\restored\GOPR0396_11_00_000004.png
val,GOPR0384_11_05_004012.png,A:\HUST_on_GitHub\ProjectCV\dataset\GoPro\input\GOPR0384_11_05_004012.png,A:\HUST_on_GitHub\ProjectCV\dataset\GoPro\restored\GOPR0384_11_05_004012.png
val,GOPR0869_11_00_000077.png,A:\HUST_on_GitHub\ProjectCV\dataset\GoPro\input\GOPR0869_11_00_000077.png,A:\HUST_on_GitHub\ProjectCV\dataset\GoPro\restored\GOPR0869_11_00_000077.png
val,GOPR0854_11_00_000046.png,A:\HUST_on_GitHub\ProjectCV\dataset\GoPro\input\GOPR0854_11_00_000046.png,A:\HUST_on_GitHub\ProjectCV\dataset\GoPro\restored\GOPR0854_11_00_000046.png
val,GOPR0881_11_01_000237.png,A:\HUST_on_GitHub\ProjectCV\dataset\GoPro\input\GOPR0881_11_01_000237.png,A:\HUST_on_GitHub\ProjectCV\dataset\GoPro\restored\GOPR0881_11_01_000237.png
val,GOPR0396_11_00_000066.png,A:\HUST_on_GitHub\ProjectCV\dataset\GoPro\input\GOPR0396_11_00_000066.png,A:\HUST_on_GitHub\ProjectCV\dataset\GoPro\restored\GOPR0396_11_00_000066.png
val,GOPR0868_11_00_000086.png,A:\HUST_on_GitHub\ProjectCV\dataset\GoPro\input\GOPR0868_11_00_000086.png,A:\HUST_on_GitHub\ProjectCV\dataset\GoPro\restored\GOPR0868_11_00_000086.png
val,GOPR0869_11_00_000017.png,A:\HUST_on_GitHub\ProjectCV\dataset\GoPro\input\GOPR0869_11_00_000017.png,A:\HUST_on_GitHub\ProjectCV\dataset\GoPro\restored\GOPR0869_11_00_000017.png
val,GOPR0869_11_00_000097.png,A:\HUST_on_GitHub\ProjectCV\dataset\GoPro\input\GOPR0869_11_00_000097.png,A:\HUST_on_GitHub\ProjectCV\dataset\GoPro\restored\GOPR0869_11_00_000097.png
val,GOPR0384_11_05_004056.png,A:\HUST_on_GitHub\ProjectCV\dataset\GoPro\input\GOPR0384_11_05_004056.png,A:\HUST_on_GitHub\ProjectCV\dataset\GoPro\restored\GOPR0384_11_05_004056.png
val,GOPR0868_11_00_000035.png,A:\HUST_on_GitHub\ProjectCV\dataset\GoPro\input\GOPR0868_11_00_000035.png,A:\HUST_on_GitHub\ProjectCV\dataset\GoPro\restored\GOPR0868_11_00_000035.png
val,GOPR0869_11_00_000043.png,A:\HUST_on_GitHub\ProjectCV\dataset\GoPro\input\GOPR0869_11_00_000043.png,A:\HUST_on_GitHub\ProjectCV\dataset\GoPro\restored\GOPR0869_11_00_000043.png
val,GOPR0385_11_01_003056.png,A:\HUST_on_GitHub\ProjectCV\dataset\GoPro\input\GOPR0385_11_01_003056.png,A:\HUST_on_GitHub\ProjectCV\dataset\GoPro\restored\GOPR0385_11_01_003056.png
val,GOPR0384_11_05_004039.png,A:\HUST_on_GitHub\ProjectCV\dataset\GoPro\input\GOPR0384_11_05_004039.png,A:\HUST_on_GitHub\ProjectCV\dataset\GoPro\restored\GOPR0384_11_05_004039.png
val,GOPR0871_11_00_000006.png,A:\HUST_on_GitHub\ProjectCV\dataset\GoPro\input\GOPR0871_11_00_000006.png,A:\HUST_on_GitHub\ProjectCV\dataset\GoPro\restored\GOPR0871_11_00_000006.png
val,GOPR0385_11_01_003073.png,A:\HUST_on_GitHub\ProjectCV\dataset\GoPro\input\GOPR0385_11_01_003073.png,A:\HUST_on_GitHub\ProjectCV\dataset\GoPro\restored\GOPR0385_11_01_003073.png
val,GOPR0868_11_00_000015.png,A:\HUST_on_GitHub\ProjectCV\dataset\GoPro\input\GOPR0868_11_00_000015.png,A:\HUST_on_GitHub\ProjectCV\dataset\GoPro\restored\GOPR0868_11_00_000015.png
val,GOPR0384_11_00_000072.png,A:\HUST_on_GitHub\ProjectCV\dataset\GoPro\input\GOPR0384_11_00_000072.png,A:\HUST_on_GitHub\ProjectCV\dataset\GoPro\restored\GOPR0384_11_00_000072.png
val,GOPR0410_11_00_000192.png,A:\HUST_on_GitHub\ProjectCV\dataset\GoPro\input\GOPR0410_11_00_000192.png,A:\HUST_on_GitHub\ProjectCV\dataset\GoPro\restored\GOPR0410_11_00_000192.png
val,GOPR0868_11_00_000064.png,A:\HUST_on_GitHub\ProjectCV\dataset\GoPro\input\GOPR0868_11_00_000064.png,A:\HUST_on_GitHub\ProjectCV\dataset\GoPro\restored\GOPR0868_11_00_000064.png
val,GOPR0396_11_00_000041.png,A:\HUST_on_GitHub\ProjectCV\dataset\GoPro\input\GOPR0396_11_00_000041.png,A:\HUST_on_GitHub\ProjectCV\dataset\GoPro\restored\GOPR0396_11_00_000041.png
val,GOPR0854_11_00_000091.png,A:\HUST_on_GitHub\ProjectCV\dataset\GoPro\input\GOPR0854_11_00_000091.png,A:\HUST_on_GitHub\ProjectCV\dataset\GoPro\restored\GOPR0854_11_00_000091.png
val,GOPR0410_11_00_000102.png,A:\HUST_on_GitHub\ProjectCV\dataset\GoPro\input\GOPR0410_11_00_000102.png,A:\HUST_on_GitHub\ProjectCV\dataset\GoPro\restored\GOPR0410_11_00_000102.png
val,GOPR0410_11_00_000133.png,A:\HUST_on_GitHub\ProjectCV\dataset\GoPro\input\GOPR0410_11_00_000133.png,A:\HUST_on_GitHub\ProjectCV\dataset\GoPro\restored\GOPR0410_11_00_000133.png
val,GOPR0871_11_00_000023.png,A:\HUST_on_GitHub\ProjectCV\dataset\GoPro\input\GOPR0871_11_00_000023.png,A:\HUST_on_GitHub\ProjectCV\dataset\GoPro\restored\GOPR0871_11_00_000023.png
val,GOPR0385_11_01_003024.png,A:\HUST_on_GitHub\ProjectCV\dataset\GoPro\input\GOPR0385_11_01_003024.png,A:\HUST_on_GitHub\ProjectCV\dataset\GoPro\restored\GOPR0385_11_01_003024.png
val,GOPR0396_11_00_000021.png,A:\HUST_on_GitHub\ProjectCV\dataset\GoPro\input\GOPR0396_11_00_000021.png,A:\HUST_on_GitHub\ProjectCV\dataset\GoPro\restored\GOPR0396_11_00_000021.png
val,GOPR0881_11_01_000260.png,A:\HUST_on_GitHub\ProjectCV\dataset\GoPro\input\GOPR0881_11_01_000260.png,A:\HUST_on_GitHub\ProjectCV\dataset\GoPro\restored\GOPR0881_11_01_000260.png
val,GOPR0868_11_00_000044.png,A:\HUST_on_GitHub\ProjectCV\dataset\GoPro\input\GOPR0868_11_00_000044.png,A:\HUST_on_GitHub\ProjectCV\dataset\GoPro\restored\GOPR0868_11_00_000044.png
val,GOPR0384_11_00_000085.png,A:\HUST_on_GitHub\ProjectCV\dataset\GoPro\input\GOPR0384_11_00_000085.png,A:\HUST_on_GitHub\ProjectCV\dataset\GoPro\restored\GOPR0384_11_00_000085.png
val,GOPR0410_11_00_000234.png,A:\HUST_on_GitHub\ProjectCV\dataset\GoPro\input\GOPR0410_11_00_000234.png,A:\HUST_on_GitHub\ProjectCV\dataset\GoPro\restored\GOPR0410_11_00_000234.png
val,GOPR0881_11_01_000222.png,A:\HUST_on_GitHub\ProjectCV\dataset\GoPro\input\GOPR0881_11_01_000222.png,A:\HUST_on_GitHub\ProjectCV\dataset\GoPro\restored\GOPR0881_11_01_000222.png
test,GOPR0881_11_01_000300.png,A:\HUST_on_GitHub\ProjectCV\dataset\GoPro\input\GOPR0881_11_01_000300.png,A:\HUST_on_GitHub\ProjectCV\dataset\GoPro\restored\GOPR0881_11_01_000300.png
test,GOPR0385_11_01_003087.png,A:\HUST_on_GitHub\ProjectCV\dataset\GoPro\input\GOPR0385_11_01_003087.png,A:\HUST_on_GitHub\ProjectCV\dataset\GoPro\restored\GOPR0385_11_01_003087.png
test,GOPR0384_11_05_004029.png,A:\HUST_on_GitHub\ProjectCV\dataset\GoPro\input\GOPR0384_11_05_004029.png,A:\HUST_on_GitHub\ProjectCV\dataset\GoPro\restored\GOPR0384_11_05_004029.png
test,GOPR0384_11_00_000003.png,A:\HUST_on_GitHub\ProjectCV\dataset\GoPro\input\GOPR0384_11_00_000003.png,A:\HUST_on_GitHub\ProjectCV\dataset\GoPro\restored\GOPR0384_11_00_000003.png
test,GOPR0385_11_01_003086.png,A:\HUST_on_GitHub\ProjectCV\dataset\GoPro\input\GOPR0385_11_01_003086.png,A:\HUST_on_GitHub\ProjectCV\dataset\GoPro\restored\GOPR0385_11_01_003086.png
test,GOPR0396_11_00_000003.png,A:\HUST_on_GitHub\ProjectCV\dataset\GoPro\input\GOPR0396_11_00_000003.png,A:\HUST_on_GitHub\ProjectCV\dataset\GoPro\restored\GOPR0396_11_00_000003.png
test,GOPR0384_11_00_000093.png,A:\HUST_on_GitHub\ProjectCV\dataset\GoPro\input\GOPR0384_11_00_000093.png,A:\HUST_on_GitHub\ProjectCV\dataset\GoPro\restored\GOPR0384_11_00_000093.png
test,GOPR0871_11_00_000042.png,A:\HUST_on_GitHub\ProjectCV\dataset\GoPro\input\GOPR0871_11_00_000042.png,A:\HUST_on_GitHub\ProjectCV\dataset\GoPro\restored\GOPR0871_11_00_000042.png
test,GOPR0854_11_00_000015.png,A:\HUST_on_GitHub\ProjectCV\dataset\GoPro\input\GOPR0854_11_00_000015.png,A:\HUST_on_GitHub\ProjectCV\dataset\GoPro\restored\GOPR0854_11_00_000015.png
test,GOPR0410_11_00_000231.png,A:\HUST_on_GitHub\ProjectCV\dataset\GoPro\input\GOPR0410_11_00_000231.png,A:\HUST_on_GitHub\ProjectCV\dataset\GoPro\restored\GOPR0410_11_00_000231.png
test,GOPR0385_11_01_003045.png,A:\HUST_on_GitHub\ProjectCV\dataset\GoPro\input\GOPR0385_11_01_003045.png,A:\HUST_on_GitHub\ProjectCV\dataset\GoPro\restored\GOPR0385_11_01_003045.png
test,GOPR0871_11_00_000044.png,A:\HUST_on_GitHub\ProjectCV\dataset\GoPro\input\GOPR0871_11_00_000044.png,A:\HUST_on_GitHub\ProjectCV\dataset\GoPro\restored\GOPR0871_11_00_000044.png
test,GOPR0384_11_00_000098.png,A:\HUST_on_GitHub\ProjectCV\dataset\GoPro\input\GOPR0384_11_00_000098.png,A:\HUST_on_GitHub\ProjectCV\dataset\GoPro\restored\GOPR0384_11_00_000098.png
test,GOPR0881_11_01_000272.png,A:\HUST_on_GitHub\ProjectCV\dataset\GoPro\input\GOPR0881_11_01_000272.png,A:\HUST_on_GitHub\ProjectCV\dataset\GoPro\restored\GOPR0881_11_01_000272.png
test,GOPR0868_11_00_000022.png,A:\HUST_on_GitHub\ProjectCV\dataset\GoPro\input\GOPR0868_11_00_000022.png,A:\HUST_on_GitHub\ProjectCV\dataset\GoPro\restored\GOPR0868_11_00_000022.png
test,GOPR0869_11_00_000072.png,A:\HUST_on_GitHub\ProjectCV\dataset\GoPro\input\GOPR0869_11_00_000072.png,A:\HUST_on_GitHub\ProjectCV\dataset\GoPro\restored\GOPR0869_11_00_000072.png
test,GOPR0384_11_05_004037.png,A:\HUST_on_GitHub\ProjectCV\dataset\GoPro\input\GOPR0384_11_05_004037.png,A:\HUST_on_GitHub\ProjectCV\dataset\GoPro\restored\GOPR0384_11_05_004037.png
test,GOPR0871_11_00_000024.png,A:\HUST_on_GitHub\ProjectCV\dataset\GoPro\input\GOPR0871_11_00_000024.png,A:\HUST_on_GitHub\ProjectCV\dataset\GoPro\restored\GOPR0871_11_00_000024.png
test,GOPR0384_11_00_000025.png,A:\HUST_on_GitHub\ProjectCV\dataset\GoPro\input\GOPR0384_11_00_000025.png,A:\HUST_on_GitHub\ProjectCV\dataset\GoPro\restored\GOPR0384_11_00_000025.png
test,GOPR0396_11_00_000063.png,A:\HUST_on_GitHub\ProjectCV\dataset\GoPro\input\GOPR0396_11_00_000063.png,A:\HUST_on_GitHub\ProjectCV\dataset\GoPro\restored\GOPR0396_11_00_000063.png
test,GOPR0854_11_00_000004.png,A:\HUST_on_GitHub\ProjectCV\dataset\GoPro\input\GOPR0854_11_00_000004.png,A:\HUST_on_GitHub\ProjectCV\dataset\GoPro\restored\GOPR0854_11_00_000004.png
test,GOPR0854_11_00_000036.png,A:\HUST_on_GitHub\ProjectCV\dataset\GoPro\input\GOPR0854_11_00_000036.png,A:\HUST_on_GitHub\ProjectCV\dataset\GoPro\restored\GOPR0854_11_00_000036.png
test,GOPR0881_11_01_000212.png,A:\HUST_on_GitHub\ProjectCV\dataset\GoPro\input\GOPR0881_11_01_000212.png,A:\HUST_on_GitHub\ProjectCV\dataset\GoPro\restored\GOPR0881_11_01_000212.png
test,GOPR0881_11_01_000267.png,A:\HUST_on_GitHub\ProjectCV\dataset\GoPro\input\GOPR0881_11_01_000267.png,A:\HUST_on_GitHub\ProjectCV\dataset\GoPro\restored\GOPR0881_11_01_000267.png
test,GOPR0854_11_00_000001.png,A:\HUST_on_GitHub\ProjectCV\dataset\GoPro\input\GOPR0854_11_00_000001.png,A:\HUST_on_GitHub\ProjectCV\dataset\GoPro\restored\GOPR0854_11_00_000001.png
test,GOPR0384_11_00_000027.png,A:\HUST_on_GitHub\ProjectCV\dataset\GoPro\input\GOPR0384_11_00_000027.png,A:\HUST_on_GitHub\ProjectCV\dataset\GoPro\restored\GOPR0384_11_00_000027.png
test,GOPR0871_11_00_000079.png,A:\HUST_on_GitHub\ProjectCV\dataset\GoPro\input\GOPR0871_11_00_000079.png,A:\HUST_on_GitHub\ProjectCV\dataset\GoPro\restored\GOPR0871_11_00_000079.png
test,GOPR0871_11_00_000013.png,A:\HUST_on_GitHub\ProjectCV\dataset\GoPro\input\GOPR0871_11_00_000013.png,A:\HUST_on_GitHub\ProjectCV\dataset\GoPro\restored\GOPR0871_11_00_000013.png
test,GOPR0868_11_00_000018.png,A:\HUST_on_GitHub\ProjectCV\dataset\GoPro\input\GOPR0868_11_00_000018.png,A:\HUST_on_GitHub\ProjectCV\dataset\GoPro\restored\GOPR0868_11_00_000018.png
test,GOPR0385_11_01_003075.png,A:\HUST_on_GitHub\ProjectCV\dataset\GoPro\input\GOPR0385_11_01_003075.png,A:\HUST_on_GitHub\ProjectCV\dataset\GoPro\restored\GOPR0385_11_01_003075.png
test,GOPR0869_11_00_000098.png,A:\HUST_on_GitHub\ProjectCV\dataset\GoPro\input\GOPR0869_11_00_000098.png,A:\HUST_on_GitHub\ProjectCV\dataset\GoPro\restored\GOPR0869_11_00_000098.png
test,GOPR0410_11_00_000228.png,A:\HUST_on_GitHub\ProjectCV\dataset\GoPro\input\GOPR0410_11_00_000228.png,A:\HUST_on_GitHub\ProjectCV\dataset\GoPro\restored\GOPR0410_11_00_000228.png
test,GOPR0384_11_05_004045.png,A:\HUST_on_GitHub\ProjectCV\dataset\GoPro\input\GOPR0384_11_05_004045.png,A:\HUST_on_GitHub\ProjectCV\dataset\GoPro\restored\GOPR0384_11_05_004045.png
test,GOPR0862_11_00_000020.png,A:\HUST_on_GitHub\ProjectCV\dataset\GoPro\input\GOPR0862_11_00_000020.png,A:\HUST_on_GitHub\ProjectCV\dataset\GoPro\restored\GOPR0862_11_00_000020.png
test,GOPR0871_11_00_000011.png,A:\HUST_on_GitHub\ProjectCV\dataset\GoPro\input\GOPR0871_11_00_000011.png,A:\HUST_on_GitHub\ProjectCV\dataset\GoPro\restored\GOPR0871_11_00_000011.png
test,GOPR0410_11_00_000204.png,A:\HUST_on_GitHub\ProjectCV\dataset\GoPro\input\GOPR0410_11_00_000204.png,A:\HUST_on_GitHub\ProjectCV\dataset\GoPro\restored\GOPR0410_11_00_000204.png
test,GOPR0385_11_01_003096.png,A:\HUST_on_GitHub\ProjectCV\dataset\GoPro\input\GOPR0385_11_01_003096.png,A:\HUST_on_GitHub\ProjectCV\dataset\GoPro\restored\GOPR0385_11_01_003096.png
test,GOPR0410_11_00_000124.png,A:\HUST_on_GitHub\ProjectCV\dataset\GoPro\input\GOPR0410_11_00_000124.png,A:\HUST_on_GitHub\ProjectCV\dataset\GoPro\restored\GOPR0410_11_00_000124.png
test,GOPR0868_11_00_000046.png,A:\HUST_on_GitHub\ProjectCV\dataset\GoPro\input\GOPR0868_11_00_000046.png,A:\HUST_on_GitHub\ProjectCV\dataset\GoPro\restored\GOPR0868_11_00_000046.png
test,GOPR0868_11_00_000090.png,A:\HUST_on_GitHub\ProjectCV\dataset\GoPro\input\GOPR0868_11_00_000090.png,A:\HUST_on_GitHub\ProjectCV\dataset\GoPro\restored\GOPR0868_11_00_000090.png
test,GOPR0854_11_00_000098.png,A:\HUST_on_GitHub\ProjectCV\dataset\GoPro\input\GOPR0854_11_00_000098.png,A:\HUST_on_GitHub\ProjectCV\dataset\GoPro\restored\GOPR0854_11_00_000098.png
test,GOPR0396_11_00_000058.png,A:\HUST_on_GitHub\ProjectCV\dataset\GoPro\input\GOPR0396_11_00_000058.png,A:\HUST_on_GitHub\ProjectCV\dataset\GoPro\restored\GOPR0396_11_00_000058.png
test,GOPR0854_11_00_000067.png,A:\HUST_on_GitHub\ProjectCV\dataset\GoPro\input\GOPR0854_11_00_000067.png,A:\HUST_on_GitHub\ProjectCV\dataset\GoPro\restored\GOPR0854_11_00_000067.png
test,GOPR0396_11_00_000036.png,A:\HUST_on_GitHub\ProjectCV\dataset\GoPro\input\GOPR0396_11_00_000036.png,A:\HUST_on_GitHub\ProjectCV\dataset\GoPro\restored\GOPR0396_11_00_000036.png
test,GOPR0384_11_05_004064.png,A:\HUST_on_GitHub\ProjectCV\dataset\GoPro\input\GOPR0384_11_05_004064.png,A:\HUST_on_GitHub\ProjectCV\dataset\GoPro\restored\GOPR0384_11_05_004064.png
test,GOPR0385_11_01_003065.png,A:\HUST_on_GitHub\ProjectCV\dataset\GoPro\input\GOPR0385_11_01_003065.png,A:\HUST_on_GitHub\ProjectCV\dataset\GoPro\restored\GOPR0385_11_01_003065.png
test,GOPR0396_11_00_000086.png,A:\HUST_on_GitHub\ProjectCV\dataset\GoPro\input\GOPR0396_11_00_000086.png,A:\HUST_on_GitHub\ProjectCV\dataset\GoPro\restored\GOPR0396_11_00_000086.png
test,GOPR0869_11_00_000085.png,A:\HUST_on_GitHub\ProjectCV\dataset\GoPro\input\GOPR0869_11_00_000085.png,A:\HUST_on_GitHub\ProjectCV\dataset\GoPro\restored\GOPR0869_11_00_000085.png
test,GOPR0869_11_00_000056.png,A:\HUST_on_GitHub\ProjectCV\dataset\GoPro\input\GOPR0869_11_00_000056.png,A:\HUST_on_GitHub\ProjectCV\dataset\GoPro\restored\GOPR0869_11_00_000056.png
test,GOPR0384_11_00_000096.png,A:\HUST_on_GitHub\ProjectCV\dataset\GoPro\input\GOPR0384_11_00_000096.png,A:\HUST_on_GitHub\ProjectCV\dataset\GoPro\restored\GOPR0384_11_00_000096.png
test,GOPR0385_11_01_003055.png,A:\HUST_on_GitHub\ProjectCV\dataset\GoPro\input\GOPR0385_11_01_003055.png,A:\HUST_on_GitHub\ProjectCV\dataset\GoPro\restored\GOPR0385_11_01_003055.png
test,GOPR0396_11_00_000080.png,A:\HUST_on_GitHub\ProjectCV\dataset\GoPro\input\GOPR0396_11_00_000080.png,A:\HUST_on_GitHub\ProjectCV\dataset\GoPro\restored\GOPR0396_11_00_000080.png
test,GOPR0410_11_00_000176.png,A:\HUST_on_GitHub\ProjectCV\dataset\GoPro\input\GOPR0410_11_00_000176.png,A:\HUST_on_GitHub\ProjectCV\dataset\GoPro\restored\GOPR0410_11_00_000176.png
test,GOPR0384_11_00_000068.png,A:\HUST_on_GitHub\ProjectCV\dataset\GoPro\input\GOPR0384_11_00_000068.png,A:\HUST_on_GitHub\ProjectCV\dataset\GoPro\restored\GOPR0384_11_00_000068.png
test,GOPR0881_11_01_000296.png,A:\HUST_on_GitHub\ProjectCV\dataset\GoPro\input\GOPR0881_11_01_000296.png,A:\HUST_on_GitHub\ProjectCV\dataset\GoPro\restored\GOPR0881_11_01_000296.png
test,GOPR0385_11_01_003018.png,A:\HUST_on_GitHub\ProjectCV\dataset\GoPro\input\GOPR0385_11_01_003018.png,A:\HUST_on_GitHub\ProjectCV\dataset\GoPro\restored\GOPR0385_11_01_003018.png
test,GOPR0410_11_00_000122.png,A:\HUST_on_GitHub\ProjectCV\dataset\GoPro\input\GOPR0410_11_00_000122.png,A:\HUST_on_GitHub\ProjectCV\dataset\GoPro\restored\GOPR0410_11_00_000122.png
test,GOPR0854_11_00_000002.png,A:\HUST_on_GitHub\ProjectCV\dataset\GoPro\input\GOPR0854_11_00_000002.png,A:\HUST_on_GitHub\ProjectCV\dataset\GoPro\restored\GOPR0854_11_00_000002.png
test,GOPR0868_11_00_000043.png,A:\HUST_on_GitHub\ProjectCV\dataset\GoPro\input\GOPR0868_11_00_000043.png,A:\HUST_on_GitHub\ProjectCV\dataset\GoPro\restored\GOPR0868_11_00_000043.png
test,GOPR0871_11_00_000046.png,A:\HUST_on_GitHub\ProjectCV\dataset\GoPro\input\GOPR0871_11_00_000046.png,A:\HUST_on_GitHub\ProjectCV\dataset\GoPro\restored\GOPR0871_11_00_000046.png
test,GOPR0396_11_00_000077.png,A:\HUST_on_GitHub\ProjectCV\dataset\GoPro\input\GOPR0396_11_00_000077.png,A:\HUST_on_GitHub\ProjectCV\dataset\GoPro\restored\GOPR0396_11_00_000077.png
test,GOPR0396_11_00_000071.png,A:\HUST_on_GitHub\ProjectCV\dataset\GoPro\input\GOPR0396_11_00_000071.png,A:\HUST_on_GitHub\ProjectCV\dataset\GoPro\restored\GOPR0396_11_00_000071.png
test,GOPR0410_11_00_000104.png,A:\HUST_on_GitHub\ProjectCV\dataset\GoPro\input\GOPR0410_11_00_000104.png,A:\HUST_on_GitHub\ProjectCV\dataset\GoPro\restored\GOPR0410_11_00_000104.png
test,GOPR0384_11_00_000004.png,A:\HUST_on_GitHub\ProjectCV\dataset\GoPro\input\GOPR0384_11_00_000004.png,A:\HUST_on_GitHub\ProjectCV\dataset\GoPro\restored\GOPR0384_11_00_000004.png
test,GOPR0881_11_01_000264.png,A:\HUST_on_GitHub\ProjectCV\dataset\GoPro\input\GOPR0881_11_01_000264.png,A:\HUST_on_GitHub\ProjectCV\dataset\GoPro\restored\GOPR0881_11_01_000264.png
test,GOPR0385_11_01_003037.png,A:\HUST_on_GitHub\ProjectCV\dataset\GoPro\input\GOPR0385_11_01_003037.png,A:\HUST_on_GitHub\ProjectCV\dataset\GoPro\restored\GOPR0385_11_01_003037.png
test,GOPR0869_11_00_000027.png,A:\HUST_on_GitHub\ProjectCV\dataset\GoPro\input\GOPR0869_11_00_000027.png,A:\HUST_on_GitHub\ProjectCV\dataset\GoPro\restored\GOPR0869_11_00_000027.png
test,GOPR0854_11_00_000083.png,A:\HUST_on_GitHub\ProjectCV\dataset\GoPro\input\GOPR0854_11_00_000083.png,A:\HUST_on_GitHub\ProjectCV\dataset\GoPro\restored\GOPR0854_11_00_000083.png
test,GOPR0871_11_00_000054.png,A:\HUST_on_GitHub\ProjectCV\dataset\GoPro\input\GOPR0871_11_00_000054.png,A:\HUST_on_GitHub\ProjectCV\dataset\GoPro\restored\GOPR0871_11_00_000054.png
test,GOPR0410_11_00_000173.png,A:\HUST_on_GitHub\ProjectCV\dataset\GoPro\input\GOPR0410_11_00_000173.png,A:\HUST_on_GitHub\ProjectCV\dataset\GoPro\restored\GOPR0410_11_00_000173.png
test,GOPR0385_11_01_003038.png,A:\HUST_on_GitHub\ProjectCV\dataset\GoPro\input\GOPR0385_11_01_003038.png,A:\HUST_on_GitHub\ProjectCV\dataset\GoPro\restored\GOPR0385_11_01_003038.png
test,GOPR0854_11_00_000069.png,A:\HUST_on_GitHub\ProjectCV\dataset\GoPro\input\GOPR0854_11_00_000069.png,A:\HUST_on_GitHub\ProjectCV\dataset\GoPro\restored\GOPR0854_11_00_000069.png
test,GOPR0385_11_01_003030.png,A:\HUST_on_GitHub\ProjectCV\dataset\GoPro\input\GOPR0385_11_01_003030.png,A:\HUST_on_GitHub\ProjectCV\dataset\GoPro\restored\GOPR0385_11_01_003030.png
test,GOPR0384_11_05_004069.png,A:\HUST_on_GitHub\ProjectCV\dataset\GoPro\input\GOPR0384_11_05_004069.png,A:\HUST_on_GitHub\ProjectCV\dataset\GoPro\restored\GOPR0384_11_05_004069.png
test,GOPR0871_11_00_000068.png,A:\HUST_on_GitHub\ProjectCV\dataset\GoPro\input\GOPR0871_11_00_000068.png,A:\HUST_on_GitHub\ProjectCV\dataset\GoPro\restored\GOPR0871_11_00_000068.png
test,GOPR0410_11_00_000184.png,A:\HUST_on_GitHub\ProjectCV\dataset\GoPro\input\GOPR0410_11_00_000184.png,A:\HUST_on_GitHub\ProjectCV\dataset\GoPro\restored\GOPR0410_11_00_000184.png
test,GOPR0385_11_01_003078.png,A:\HUST_on_GitHub\ProjectCV\dataset\GoPro\input\GOPR0385_11_01_003078.png,A:\HUST_on_GitHub\ProjectCV\dataset\GoPro\restored\GOPR0385_11_01_003078.png
test,GOPR0854_11_00_000024.png,A:\HUST_on_GitHub\ProjectCV\dataset\GoPro\input\GOPR0854_11_00_000024.png,A:\HUST_on_GitHub\ProjectCV\dataset\GoPro\restored\GOPR0854_11_00_000024.png
test,GOPR0881_11_01_000255.png,A:\HUST_on_GitHub\ProjectCV\dataset\GoPro\input\GOPR0881_11_01_000255.png,A:\HUST_on_GitHub\ProjectCV\dataset\GoPro\restored\GOPR0881_11_01_000255.png
test,GOPR0410_11_00_000201.png,A:\HUST_on_GitHub\ProjectCV\dataset\GoPro\input\GOPR0410_11_00_000201.png,A:\HUST_on_GitHub\ProjectCV\dataset\GoPro\restored\GOPR0410_11_00_000201.png
test,GOPR0384_11_00_000030.png,A:\HUST_on_GitHub\ProjectCV\dataset\GoPro\input\GOPR0384_11_00_000030.png,A:\HUST_on_GitHub\ProjectCV\dataset\GoPro\restored\GOPR0384_11_00_000030.png
test,GOPR0881_11_01_000224.png,A:\HUST_on_GitHub\ProjectCV\dataset\GoPro\input\GOPR0881_11_01_000224.png,A:\HUST_on_GitHub\ProjectCV\dataset\GoPro\restored\GOPR0881_11_01_000224.png
test,GOPR0410_11_00_000117.png,A:\HUST_on_GitHub\ProjectCV\dataset\GoPro\input\GOPR0410_11_00_000117.png,A:\HUST_on_GitHub\ProjectCV\dataset\GoPro\restored\GOPR0410_11_00_000117.png
test,GOPR0854_11_00_000074.png,A:\HUST_on_GitHub\ProjectCV\dataset\GoPro\input\GOPR0854_11_00_000074.png,A:\HUST_on_GitHub\ProjectCV\dataset\GoPro\restored\GOPR0854_11_00_000074.png
test,GOPR0384_11_05_004002.png,A:\HUST_on_GitHub\ProjectCV\dataset\GoPro\input\GOPR0384_11_05_004002.png,A:\HUST_on_GitHub\ProjectCV\dataset\GoPro\restored\GOPR0384_11_05_004002.png
test,GOPR0410_11_00_000123.png,A:\HUST_on_GitHub\ProjectCV\dataset\GoPro\input\GOPR0410_11_00_000123.png,A:\HUST_on_GitHub\ProjectCV\dataset\GoPro\restored\GOPR0410_11_00_000123.png
test,GOPR0862_11_00_000068.png,A:\HUST_on_GitHub\ProjectCV\dataset\GoPro\input\GOPR0862_11_00_000068.png,A:\HUST_on_GitHub\ProjectCV\dataset\GoPro\restored\GOPR0862_11_00_000068.png
test,GOPR0385_11_01_003025.png,A:\HUST_on_GitHub\ProjectCV\dataset\GoPro\input\GOPR0385_11_01_003025.png,A:\HUST_on_GitHub\ProjectCV\dataset\GoPro\restored\GOPR0385_11_01_003025.png
test,GOPR0881_11_01_000221.png,A:\HUST_on_GitHub\ProjectCV\dataset\GoPro\input\GOPR0881_11_01_000221.png,A:\HUST_on_GitHub\ProjectCV\dataset\GoPro\restored\GOPR0881_11_01_000221.png
test,GOPR0881_11_01_000209.png,A:\HUST_on_GitHub\ProjectCV\dataset\GoPro\input\GOPR0881_11_01_000209.png,A:\HUST_on_GitHub\ProjectCV\dataset\GoPro\restored\GOPR0881_11_01_000209.png
test,GOPR0869_11_00_000044.png,A:\HUST_on_GitHub\ProjectCV\dataset\GoPro\input\GOPR0869_11_00_000044.png,A:\HUST_on_GitHub\ProjectCV\dataset\GoPro\restored\GOPR0869_11_00_000044.png
test,GOPR0384_11_05_004019.png,A:\HUST_on_GitHub\ProjectCV\dataset\GoPro\input\GOPR0384_11_05_004019.png,A:\HUST_on_GitHub\ProjectCV\dataset\GoPro\restored\GOPR0384_11_05_004019.png
test,GOPR0384_11_05_004044.png,A:\HUST_on_GitHub\ProjectCV\dataset\GoPro\input\GOPR0384_11_05_004044.png,A:\HUST_on_GitHub\ProjectCV\dataset\GoPro\restored\GOPR0384_11_05_004044.png
test,GOPR0396_11_00_000092.png,A:\HUST_on_GitHub\ProjectCV\dataset\GoPro\input\GOPR0396_11_00_000092.png,A:\HUST_on_GitHub\ProjectCV\dataset\GoPro\restored\GOPR0396_11_00_000092.png
test,GOPR0868_11_00_000095.png,A:\HUST_on_GitHub\ProjectCV\dataset\GoPro\input\GOPR0868_11_00_000095.png,A:\HUST_on_GitHub\ProjectCV\dataset\GoPro\restored\GOPR0868_11_00_000095.png
test,GOPR0881_11_01_000275.png,A:\HUST_on_GitHub\ProjectCV\dataset\GoPro\input\GOPR0881_11_01_000275.png,A:\HUST_on_GitHub\ProjectCV\dataset\GoPro\restored\GOPR0881_11_01_000275.png
test,GOPR0869_11_00_000046.png,A:\HUST_on_GitHub\ProjectCV\dataset\GoPro\input\GOPR0869_11_00_000046.png,A:\HUST_on_GitHub\ProjectCV\dataset\GoPro\restored\GOPR0869_11_00_000046.png
test,GOPR0881_11_01_000269.png,A:\HUST_on_GitHub\ProjectCV\dataset\GoPro\input\GOPR0881_11_01_000269.png,A:\HUST_on_GitHub\ProjectCV\dataset\GoPro\restored\GOPR0881_11_01_000269.png
test,GOPR0396_11_00_000083.png,A:\HUST_on_GitHub\ProjectCV\dataset\GoPro\input\GOPR0396_11_00_000083.png,A:\HUST_on_GitHub\ProjectCV\dataset\GoPro\restored\GOPR0396_11_00_000083.png
test,GOPR0868_11_00_000037.png,A:\HUST_on_GitHub\ProjectCV\dataset\GoPro\input\GOPR0868_11_00_000037.png,A:\HUST_on_GitHub\ProjectCV\dataset\GoPro\restored\GOPR0868_11_00_000037.png
test,GOPR0868_11_00_000076.png,A:\HUST_on_GitHub\ProjectCV\dataset\GoPro\input\GOPR0868_11_00_000076.png,A:\HUST_on_GitHub\ProjectCV\dataset\GoPro\restored\GOPR0868_11_00_000076.png
test,GOPR0869_11_00_000019.png,A:\HUST_on_GitHub\ProjectCV\dataset\GoPro\input\GOPR0869_11_00_000019.png,A:\HUST_on_GitHub\ProjectCV\dataset\GoPro\restored\GOPR0869_11_00_000019.png
test,GOPR0384_11_00_000086.png,A:\HUST_on_GitHub\ProjectCV\dataset\GoPro\input\GOPR0384_11_00_000086.png,A:\HUST_on_GitHub\ProjectCV\dataset\GoPro\restored\GOPR0384_11_00_000086.png
test,GOPR0410_11_00_000177.png,A:\HUST_on_GitHub\ProjectCV\dataset\GoPro\input\GOPR0410_11_00_000177.png,A:\HUST_on_GitHub\ProjectCV\dataset\GoPro\restored\GOPR0410_11_00_000177.png
test,GOPR0396_11_00_000005.png,A:\HUST_on_GitHub\ProjectCV\dataset\GoPro\input\GOPR0396_11_00_000005.png,A:\HUST_on_GitHub\ProjectCV\dataset\GoPro\restored\GOPR0396_11_00_000005.png
test,GOPR0871_11_00_000051.png,A:\HUST_on_GitHub\ProjectCV\dataset\GoPro\input\GOPR0871_11_00_000051.png,A:\HUST_on_GitHub\ProjectCV\dataset\GoPro\restored\GOPR0871_11_00_000051.png
test,GOPR0871_11_00_000060.png,A:\HUST_on_GitHub\ProjectCV\dataset\GoPro\input\GOPR0871_11_00_000060.png,A:\HUST_on_GitHub\ProjectCV\dataset\GoPro\restored\GOPR0871_11_00_000060.png
test,GOPR0384_11_05_004099.png,A:\HUST_on_GitHub\ProjectCV\dataset\GoPro\input\GOPR0384_11_05_004099.png,A:\HUST_on_GitHub\ProjectCV\dataset\GoPro\restored\GOPR0384_11_05_004099.png
test,GOPR0871_11_00_000047.png,A:\HUST_on_GitHub\ProjectCV\dataset\GoPro\input\GOPR0871_11_00_000047.png,A:\HUST_on_GitHub\ProjectCV\dataset\GoPro\restored\GOPR0871_11_00_000047.png
test,GOPR0385_11_01_003110.png,A:\HUST_on_GitHub\ProjectCV\dataset\GoPro\input\GOPR0385_11_01_003110.png,A:\HUST_on_GitHub\ProjectCV\dataset\GoPro\restored\GOPR0385_11_01_003110.png
test,GOPR0384_11_00_000019.png,A:\HUST_on_GitHub\ProjectCV\dataset\GoPro\input\GOPR0384_11_00_000019.png,A:\HUST_on_GitHub\ProjectCV\dataset\GoPro\restored\GOPR0384_11_00_000019.png
test,GOPR0862_11_00_000007.png,A:\HUST_on_GitHub\ProjectCV\dataset\GoPro\input\GOPR0862_11_00_000007.png,A:\HUST_on_GitHub\ProjectCV\dataset\GoPro\restored\GOPR0862_11_00_000007.png
test,GOPR0868_11_00_000085.png,A:\HUST_on_GitHub\ProjectCV\dataset\GoPro\input\GOPR0868_11_00_000085.png,A:\HUST_on_GitHub\ProjectCV\dataset\GoPro\restored\GOPR0868_11_00_000085.png
test,GOPR0385_11_01_003101.png,A:\HUST_on_GitHub\ProjectCV\dataset\GoPro\input\GOPR0385_11_01_003101.png,A:\HUST_on_GitHub\ProjectCV\dataset\GoPro\restored\GOPR0385_11_01_003101.png
test,GOPR0384_11_05_004022.png,A:\HUST_on_GitHub\ProjectCV\dataset\GoPro\input\GOPR0384_11_05_004022.png,A:\HUST_on_GitHub\ProjectCV\dataset\GoPro\restored\GOPR0384_11_05_004022.png
test,GOPR0384_11_05_004025.png,A:\HUST_on_GitHub\ProjectCV\dataset\GoPro\input\GOPR0384_11_05_004025.png,A:\HUST_on_GitHub\ProjectCV\dataset\GoPro\restored\GOPR0384_11_05_004025.png
test,GOPR0869_11_00_000066.png,A:\HUST_on_GitHub\ProjectCV\dataset\GoPro\input\GOPR0869_11_00_000066.png,A:\HUST_on_GitHub\ProjectCV\dataset\GoPro\restored\GOPR0869_11_00_000066.png
test,GOPR0410_11_00_000125.png,A:\HUST_on_GitHub\ProjectCV\dataset\GoPro\input\GOPR0410_11_00_000125.png,A:\HUST_on_GitHub\ProjectCV\dataset\GoPro\restored\GOPR0410_11_00_000125.png
test,GOPR0384_11_05_004031.png,A:\HUST_on_GitHub\ProjectCV\dataset\GoPro\input\GOPR0384_11_05_004031.png,A:\HUST_on_GitHub\ProjectCV\dataset\GoPro\restored\GOPR0384_11_05_004031.png
test,GOPR0410_11_00_000128.png,A:\HUST_on_GitHub\ProjectCV\dataset\GoPro\input\GOPR0410_11_00_000128.png,A:\HUST_on_GitHub\ProjectCV\dataset\GoPro\restored\GOPR0410_11_00_000128.png
test,GOPR0862_11_00_000025.png,A:\HUST_on_GitHub\ProjectCV\dataset\GoPro\input\GOPR0862_11_00_000025.png,A:\HUST_on_GitHub\ProjectCV\dataset\GoPro\restored\GOPR0862_11_00_000025.png
test,GOPR0385_11_01_003014.png,A:\HUST_on_GitHub\ProjectCV\dataset\GoPro\input\GOPR0385_11_01_003014.png,A:\HUST_on_GitHub\ProjectCV\dataset\GoPro\restored\GOPR0385_11_01_003014.png
test,GOPR0385_11_01_003083.png,A:\HUST_on_GitHub\ProjectCV\dataset\GoPro\input\GOPR0385_11_01_003083.png,A:\HUST_on_GitHub\ProjectCV\dataset\GoPro\restored\GOPR0385_11_01_003083.png
test,GOPR0396_11_00_000053.png,A:\HUST_on_GitHub\ProjectCV\dataset\GoPro\input\GOPR0396_11_00_000053.png,A:\HUST_on_GitHub\ProjectCV\dataset\GoPro\restored\GOPR0396_11_00_000053.png
test,GOPR0384_11_00_000045.png,A:\HUST_on_GitHub\ProjectCV\dataset\GoPro\input\GOPR0384_11_00_000045.png,A:\HUST_on_GitHub\ProjectCV\dataset\GoPro\restored\GOPR0384_11_00_000045.png
test,GOPR0871_11_00_000010.png,A:\HUST_on_GitHub\ProjectCV\dataset\GoPro\input\GOPR0871_11_00_000010.png,A:\HUST_on_GitHub\ProjectCV\dataset\GoPro\restored\GOPR0871_11_00_000010.png
test,GOPR0384_11_05_004046.png,A:\HUST_on_GitHub\ProjectCV\dataset\GoPro\input\GOPR0384_11_05_004046.png,A:\HUST_on_GitHub\ProjectCV\dataset\GoPro\restored\GOPR0384_11_05_004046.png
test,GOPR0410_11_00_000139.png,A:\HUST_on_GitHub\ProjectCV\dataset\GoPro\input\GOPR0410_11_00_000139.png,A:\HUST_on_GitHub\ProjectCV\dataset\GoPro\restored\GOPR0410_11_00_000139.png
test,GOPR0862_11_00_000056.png,A:\HUST_on_GitHub\ProjectCV\dataset\GoPro\input\GOPR0862_11_00_000056.png,A:\HUST_on_GitHub\ProjectCV\dataset\GoPro\restored\GOPR0862_11_00_000056.png
test,GOPR0854_11_00_000005.png,A:\HUST_on_GitHub\ProjectCV\dataset\GoPro\input\GOPR0854_11_00_000005.png,A:\HUST_on_GitHub\ProjectCV\dataset\GoPro\restored\GOPR0854_11_00_000005.png
test,GOPR0396_11_00_000061.png,A:\HUST_on_GitHub\ProjectCV\dataset\GoPro\input\GOPR0396_11_00_000061.png,A:\HUST_on_GitHub\ProjectCV\dataset\GoPro\restored\GOPR0396_11_00_000061.png
test,GOPR0396_11_00_000038.png,A:\HUST_on_GitHub\ProjectCV\dataset\GoPro\input\GOPR0396_11_00_000038.png,A:\HUST_on_GitHub\ProjectCV\dataset\GoPro\restored\GOPR0396_11_00_000038.png
test,GOPR0868_11_00_000017.png,A:\HUST_on_GitHub\ProjectCV\dataset\GoPro\input\GOPR0868_11_00_000017.png,A:\HUST_on_GitHub\ProjectCV\dataset\GoPro\restored\GOPR0868_11_00_000017.png
test,GOPR0396_11_00_000078.png,A:\HUST_on_GitHub\ProjectCV\dataset\GoPro\input\GOPR0396_11_00_000078.png,A:\HUST_on_GitHub\ProjectCV\dataset\GoPro\restored\GOPR0396_11_00_000078.png
test,GOPR0384_11_00_000022.png,A:\HUST_on_GitHub\ProjectCV\dataset\GoPro\input\GOPR0384_11_00_000022.png,A:\HUST_on_GitHub\ProjectCV\dataset\GoPro\restored\GOPR0384_11_00_000022.png
test,GOPR0396_11_00_000020.png,A:\HUST_on_GitHub\ProjectCV\dataset\GoPro\input\GOPR0396_11_00_000020.png,A:\HUST_on_GitHub\ProjectCV\dataset\GoPro\restored\GOPR0396_11_00_000020.png
test,GOPR0384_11_00_000055.png,A:\HUST_on_GitHub\ProjectCV\dataset\GoPro\input\GOPR0384_11_00_000055.png,A:\HUST_on_GitHub\ProjectCV\dataset\GoPro\restored\GOPR0384_11_00_000055.png
test,GOPR0881_11_01_000246.png,A:\HUST_on_GitHub\ProjectCV\dataset\GoPro\input\GOPR0881_11_01_000246.png,A:\HUST_on_GitHub\ProjectCV\dataset\GoPro\restored\GOPR0881_11_01_000246.png
test,GOPR0384_11_00_000087.png,A:\HUST_on_GitHub\ProjectCV\dataset\GoPro\input\GOPR0384_11_00_000087.png,A:\HUST_on_GitHub\ProjectCV\dataset\GoPro\restored\GOPR0384_11_00_000087.png
test,GOPR0871_11_00_000017.png,A:\HUST_on_GitHub\ProjectCV\dataset\GoPro\input\GOPR0871_11_00_000017.png,A:\HUST_on_GitHub\ProjectCV\dataset\GoPro\restored\GOPR0871_11_00_000017.png
test,GOPR0881_11_01_000203.png,A:\HUST_on_GitHub\ProjectCV\dataset\GoPro\input\GOPR0881_11_01_000203.png,A:\HUST_on_GitHub\ProjectCV\dataset\GoPro\restored\GOPR0881_11_01_000203.png
test,GOPR0869_11_00_000037.png,A:\HUST_on_GitHub\ProjectCV\dataset\GoPro\input\GOPR0869_11_00_000037.png,A:\HUST_on_GitHub\ProjectCV\dataset\GoPro\restored\GOPR0869_11_00_000037.png
test,GOPR0854_11_00_000086.png,A:\HUST_on_GitHub\ProjectCV\dataset\GoPro\input\GOPR0854_11_00_000086.png,A:\HUST_on_GitHub\ProjectCV\dataset\GoPro\restored\GOPR0854_11_00_000086.png
test,GOPR0396_11_00_000054.png,A:\HUST_on_GitHub\ProjectCV\dataset\GoPro\input\GOPR0396_11_00_000054.png,A:\HUST_on_GitHub\ProjectCV\dataset\GoPro\restored\GOPR0396_11_00_000054.png
test,GOPR0881_11_01_000236.png,A:\HUST_on_GitHub\ProjectCV\dataset\GoPro\input\GOPR0881_11_01_000236.png,A:\HUST_on_GitHub\ProjectCV\dataset\GoPro\restored\GOPR0881_11_01_000236.png
test,GOPR0384_11_00_000081.png,A:\HUST_on_GitHub\ProjectCV\dataset\GoPro\input\GOPR0384_11_00_000081.png,A:\HUST_on_GitHub\ProjectCV\dataset\GoPro\restored\GOPR0384_11_00_000081.png
test,GOPR0396_11_00_000065.png,A:\HUST_on_GitHub\ProjectCV\dataset\GoPro\input\GOPR0396_11_00_000065.png,A:\HUST_on_GitHub\ProjectCV\dataset\GoPro\restored\GOPR0396_11_00_000065.png
test,GOPR0384_11_05_004087.png,A:\HUST_on_GitHub\ProjectCV\dataset\GoPro\input\GOPR0384_11_05_004087.png,A:\HUST_on_GitHub\ProjectCV\dataset\GoPro\restored\GOPR0384_11_05_004087.png
test,GOPR0854_11_00_000012.png,A:\HUST_on_GitHub\ProjectCV\dataset\GoPro\input\GOPR0854_11_00_000012.png,A:\HUST_on_GitHub\ProjectCV\dataset\GoPro\restored\GOPR0854_11_00_000012.png
test,GOPR0385_11_01_003019.png,A:\HUST_on_GitHub\ProjectCV\dataset\GoPro\input\GOPR0385_11_01_003019.png,A:\HUST_on_GitHub\ProjectCV\dataset\GoPro\restored\GOPR0385_11_01_003019.png
test,GOPR0384_11_05_004079.png,A:\HUST_on_GitHub\ProjectCV\dataset\GoPro\input\GOPR0384_11_05_004079.png,A:\HUST_on_GitHub\ProjectCV\dataset\GoPro\restored\GOPR0384_11_05_004079.png
test,GOPR0871_11_00_000001.png,A:\HUST_on_GitHub\ProjectCV\dataset\GoPro\input\GOPR0871_11_00_000001.png,A:\HUST_on_GitHub\ProjectCV\dataset\GoPro\restored\GOPR0871_11_00_000001.png
test,GOPR0869_11_00_000058.png,A:\HUST_on_GitHub\ProjectCV\dataset\GoPro\input\GOPR0869_11_00_000058.png,A:\HUST_on_GitHub\ProjectCV\dataset\GoPro\restored\GOPR0869_11_00_000058.png
test,GOPR0410_11_00_000134.png,A:\HUST_on_GitHub\ProjectCV\dataset\GoPro\input\GOPR0410_11_00_000134.png,A:\HUST_on_GitHub\ProjectCV\dataset\GoPro\restored\GOPR0410_11_00_000134.png
test,GOPR0881_11_01_000289.png,A:\HUST_on_GitHub\ProjectCV\dataset\GoPro\input\GOPR0881_11_01_000289.png,A:\HUST_on_GitHub\ProjectCV\dataset\GoPro\restored\GOPR0881_11_01_000289.png
test,GOPR0871_11_00_000071.png,A:\HUST_on_GitHub\ProjectCV\dataset\GoPro\input\GOPR0871_11_00_000071.png,A:\HUST_on_GitHub\ProjectCV\dataset\GoPro\restored\GOPR0871_11_00_000071.png
test,GOPR0854_11_00_000073.png,A:\HUST_on_GitHub\ProjectCV\dataset\GoPro\input\GOPR0854_11_00_000073.png,A:\HUST_on_GitHub\ProjectCV\dataset\GoPro\restored\GOPR0854_11_00_000073.png
test,GOPR0396_11_00_000082.png,A:\HUST_on_GitHub\ProjectCV\dataset\GoPro\input\GOPR0396_11_00_000082.png,A:\HUST_on_GitHub\ProjectCV\dataset\GoPro\restored\GOPR0396_11_00_000082.png
test,GOPR0871_11_00_000016.png,A:\HUST_on_GitHub\ProjectCV\dataset\GoPro\input\GOPR0871_11_00_000016.png,A:\HUST_on_GitHub\ProjectCV\dataset\GoPro\restored\GOPR0871_11_00_000016.png
test,GOPR0385_11_01_003034.png,A:\HUST_on_GitHub\ProjectCV\dataset\GoPro\input\GOPR0385_11_01_003034.png,A:\HUST_on_GitHub\ProjectCV\dataset\GoPro\restored\GOPR0385_11_01_003034.png
test,GOPR0862_11_00_000038.png,A:\HUST_on_GitHub\ProjectCV\dataset\GoPro\input\GOPR0862_11_00_000038.png,A:\HUST_on_GitHub\ProjectCV\dataset\GoPro\restored\GOPR0862_11_00_000038.png
test,GOPR0862_11_00_000011.png,A:\HUST_on_GitHub\ProjectCV\dataset\GoPro\input\GOPR0862_11_00_000011.png,A:\HUST_on_GitHub\ProjectCV\dataset\GoPro\restored\GOPR0862_11_00_000011.png
test,GOPR0385_11_01_003105.png,A:\HUST_on_GitHub\ProjectCV\dataset\GoPro\input\GOPR0385_11_01_003105.png,A:\HUST_on_GitHub\ProjectCV\dataset\GoPro\restored\GOPR0385_11_01_003105.png
test,GOPR0385_11_01_003027.png,A:\HUST_on_GitHub\ProjectCV\dataset\GoPro\input\GOPR0385_11_01_003027.png,A:\HUST_on_GitHub\ProjectCV\dataset\GoPro\restored\GOPR0385_11_01_003027.png
test,GOPR0385_11_01_003085.png,A:\HUST_on_GitHub\ProjectCV\dataset\GoPro\input\GOPR0385_11_01_003085.png,A:\HUST_on_GitHub\ProjectCV\dataset\GoPro\restored\GOPR0385_11_01_003085.png
test,GOPR0854_11_00_000022.png,A:\HUST_on_GitHub\ProjectCV\dataset\GoPro\input\GOPR0854_11_00_000022.png,A:\HUST_on_GitHub\ProjectCV\dataset\GoPro\restored\GOPR0854_11_00_000022.png
test,GOPR0868_11_00_000006.png,A:\HUST_on_GitHub\ProjectCV\dataset\GoPro\input\GOPR0868_11_00_000006.png,A:\HUST_on_GitHub\ProjectCV\dataset\GoPro\restored\GOPR0868_11_00_000006.png
test,GOPR0868_11_00_000070.png,A:\HUST_on_GitHub\ProjectCV\dataset\GoPro\input\GOPR0868_11_00_000070.png,A:\HUST_on_GitHub\ProjectCV\dataset\GoPro\restored\GOPR0868_11_00_000070.png
test,GOPR0869_11_00_000073.png,A:\HUST_on_GitHub\ProjectCV\dataset\GoPro\input\GOPR0869_11_00_000073.png,A:\HUST_on_GitHub\ProjectCV\dataset\GoPro\restored\GOPR0869_11_00_000073.png
test,GOPR0396_11_00_000024.png,A:\HUST_on_GitHub\ProjectCV\dataset\GoPro\input\GOPR0396_11_00_000024.png,A:\HUST_on_GitHub\ProjectCV\dataset\GoPro\restored\GOPR0396_11_00_000024.png
test,GOPR0871_11_00_000097.png,A:\HUST_on_GitHub\ProjectCV\dataset\GoPro\input\GOPR0871_11_00_000097.png,A:\HUST_on_GitHub\ProjectCV\dataset\GoPro\restored\GOPR0871_11_00_000097.png
test,GOPR0384_11_00_000010.png,A:\HUST_on_GitHub\ProjectCV\dataset\GoPro\input\GOPR0384_11_00_000010.png,A:\HUST_on_GitHub\ProjectCV\dataset\GoPro\restored\GOPR0384_11_00_000010.png
test,GOPR0384_11_00_000097.png,A:\HUST_on_GitHub\ProjectCV\dataset\GoPro\input\GOPR0384_11_00_000097.png,A:\HUST_on_GitHub\ProjectCV\dataset\GoPro\restored\GOPR0384_11_00_000097.png
test,GOPR0384_11_05_004026.png,A:\HUST_on_GitHub\ProjectCV\dataset\GoPro\input\GOPR0384_11_05_004026.png,A:\HUST_on_GitHub\ProjectCV\dataset\GoPro\restored\GOPR0384_11_05_004026.png
test,GOPR0871_11_00_000012.png,A:\HUST_on_GitHub\ProjectCV\dataset\GoPro\input\GOPR0871_11_00_000012.png,A:\HUST_on_GitHub\ProjectCV\dataset\GoPro\restored\GOPR0871_11_00_000012.png
test,GOPR0854_11_00_000043.png,A:\HUST_on_GitHub\ProjectCV\dataset\GoPro\input\GOPR0854_11_00_000043.png,A:\HUST_on_GitHub\ProjectCV\dataset\GoPro\restored\GOPR0854_11_00_000043.png
test,GOPR0871_11_00_000074.png,A:\HUST_on_GitHub\ProjectCV\dataset\GoPro\input\GOPR0871_11_00_000074.png,A:\HUST_on_GitHub\ProjectCV\dataset\GoPro\restored\GOPR0871_11_00_000074.png
test,GOPR0384_11_00_000034.png,A:\HUST_on_GitHub\ProjectCV\dataset\GoPro\input\GOPR0384_11_00_000034.png,A:\HUST_on_GitHub\ProjectCV\dataset\GoPro\restored\GOPR0384_11_00_000034.png
test,GOPR0871_11_00_000098.png,A:\HUST_on_GitHub\ProjectCV\dataset\GoPro\input\GOPR0871_11_00_000098.png,A:\HUST_on_GitHub\ProjectCV\dataset\GoPro\restored\GOPR0871_11_00_000098.png
test,GOPR0396_11_00_000012.png,A:\HUST_on_GitHub\ProjectCV\dataset\GoPro\input\GOPR0396_11_00_000012.png,A:\HUST_on_GitHub\ProjectCV\dataset\GoPro\restored\GOPR0396_11_00_000012.png
test,GOPR0869_11_00_000042.png,A:\HUST_on_GitHub\ProjectCV\dataset\GoPro\input\GOPR0869_11_00_000042.png,A:\HUST_on_GitHub\ProjectCV\dataset\GoPro\restored\GOPR0869_11_00_000042.png
test,GOPR0385_11_01_003089.png,A:\HUST_on_GitHub\ProjectCV\dataset\GoPro\input\GOPR0385_11_01_003089.png,A:\HUST_on_GitHub\ProjectCV\dataset\GoPro\restored\GOPR0385_11_01_003089.png
test,GOPR0384_11_05_004067.png,A:\HUST_on_GitHub\ProjectCV\dataset\GoPro\input\GOPR0384_11_05_004067.png,A:\HUST_on_GitHub\ProjectCV\dataset\GoPro\restored\GOPR0384_11_05_004067.png
test,GOPR0396_11_00_000032.png,A:\HUST_on_GitHub\ProjectCV\dataset\GoPro\input\GOPR0396_11_00_000032.png,A:\HUST_on_GitHub\ProjectCV\dataset\GoPro\restored\GOPR0396_11_00_000032.png
test,GOPR0384_11_05_004068.png,A:\HUST_on_GitHub\ProjectCV\dataset\GoPro\input\GOPR0384_11_05_004068.png,A:\HUST_on_GitHub\ProjectCV\dataset\GoPro\restored\GOPR0384_11_05_004068.png
test,GOPR0385_11_01_003060.png,A:\HUST_on_GitHub\ProjectCV\dataset\GoPro\input\GOPR0385_11_01_003060.png,A:\HUST_on_GitHub\ProjectCV\dataset\GoPro\restored\GOPR0385_11_01_003060.png
test,GOPR0871_11_00_000085.png,A:\HUST_on_GitHub\ProjectCV\dataset\GoPro\input\GOPR0871_11_00_000085.png,A:\HUST_on_GitHub\ProjectCV\dataset\GoPro\restored\GOPR0871_11_00_000085.png
test,GOPR0384_11_00_000088.png,A:\HUST_on_GitHub\ProjectCV\dataset\GoPro\input\GOPR0384_11_00_000088.png,A:\HUST_on_GitHub\ProjectCV\dataset\GoPro\restored\GOPR0384_11_00_000088.png
test,GOPR0384_11_05_004071.png,A:\HUST_on_GitHub\ProjectCV\dataset\GoPro\input\GOPR0384_11_05_004071.png,A:\HUST_on_GitHub\ProjectCV\dataset\GoPro\restored\GOPR0384_11_05_004071.png
test,GOPR0868_11_00_000088.png,A:\HUST_on_GitHub\ProjectCV\dataset\GoPro\input\GOPR0868_11_00_000088.png,A:\HUST_on_GitHub\ProjectCV\dataset\GoPro\restored\GOPR0868_11_00_000088.png
test,GOPR0881_11_01_000225.png,A:\HUST_on_GitHub\ProjectCV\dataset\GoPro\input\GOPR0881_11_01_000225.png,A:\HUST_on_GitHub\ProjectCV\dataset\GoPro\restored\GOPR0881_11_01_000225.png
test,GOPR0868_11_00_000082.png,A:\HUST_on_GitHub\ProjectCV\dataset\GoPro\input\GOPR0868_11_00_000082.png,A:\HUST_on_GitHub\ProjectCV\dataset\GoPro\restored\GOPR0868_11_00_000082.png
test,GOPR0869_11_00_000023.png,A:\HUST_on_GitHub\ProjectCV\dataset\GoPro\input\GOPR0869_11_00_000023.png,A:\HUST_on_GitHub\ProjectCV\dataset\GoPro\restored\GOPR0869_11_00_000023.png
test,GOPR0410_11_00_000190.png,A:\HUST_on_GitHub\ProjectCV\dataset\GoPro\input\GOPR0410_11_00_000190.png,A:\HUST_on_GitHub\ProjectCV\dataset\GoPro\restored\GOPR0410_11_00_000190.png
test,GOPR0384_11_00_000032.png,A:\HUST_on_GitHub\ProjectCV\dataset\GoPro\input\GOPR0384_11_00_000032.png,A:\HUST_on_GitHub\ProjectCV\dataset\GoPro\restored\GOPR0384_11_00_000032.png
test,GOPR0384_11_05_004088.png,A:\HUST_on_GitHub\ProjectCV\dataset\GoPro\input\GOPR0384_11_05_004088.png,A:\HUST_on_GitHub\ProjectCV\dataset\GoPro\restored\GOPR0384_11_05_004088.png
test,GOPR0410_11_00_000166.png,A:\HUST_on_GitHub\ProjectCV\dataset\GoPro\input\GOPR0410_11_00_000166.png,A:\HUST_on_GitHub\ProjectCV\dataset\GoPro\restored\GOPR0410_11_00_000166.png
test,GOPR0871_11_00_000034.png,A:\HUST_on_GitHub\ProjectCV\dataset\GoPro\input\GOPR0871_11_00_000034.png,A:\HUST_on_GitHub\ProjectCV\dataset\GoPro\restored\GOPR0871_11_00_000034.png
test,GOPR0871_11_00_000002.png,A:\HUST_on_GitHub\ProjectCV\dataset\GoPro\input\GOPR0871_11_00_000002.png,A:\HUST_on_GitHub\ProjectCV\dataset\GoPro\restored\GOPR0871_11_00_000002.png
test,GOPR0396_11_00_000044.png,A:\HUST_on_GitHub\ProjectCV\dataset\GoPro\input\GOPR0396_11_00_000044.png,A:\HUST_on_GitHub\ProjectCV\dataset\GoPro\restored\GOPR0396_11_00_000044.png
test,GOPR0396_11_00_000023.png,A:\HUST_on_GitHub\ProjectCV\dataset\GoPro\input\GOPR0396_11_00_000023.png,A:\HUST_on_GitHub\ProjectCV\dataset\GoPro\restored\GOPR0396_11_00_000023.png
test,GOPR0384_11_00_000076.png,A:\HUST_on_GitHub\ProjectCV\dataset\GoPro\input\GOPR0384_11_00_000076.png,A:\HUST_on_GitHub\ProjectCV\dataset\GoPro\restored\GOPR0384_11_00_000076.png
test,GOPR0871_11_00_000009.png,A:\HUST_on_GitHub\ProjectCV\dataset\GoPro\input\GOPR0871_11_00_000009.png,A:\HUST_on_GitHub\ProjectCV\dataset\GoPro\restored\GOPR0871_11_00_000009.png
test,GOPR0868_11_00_000091.png,A:\HUST_on_GitHub\ProjectCV\dataset\GoPro\input\GOPR0868_11_00_000091.png,A:\HUST_on_GitHub\ProjectCV\dataset\GoPro\restored\GOPR0868_11_00_000091.png
test,GOPR0868_11_00_000005.png,A:\HUST_on_GitHub\ProjectCV\dataset\GoPro\input\GOPR0868_11_00_000005.png,A:\HUST_on_GitHub\ProjectCV\dataset\GoPro\restored\GOPR0868_11_00_000005.png
test,GOPR0881_11_01_000253.png,A:\HUST_on_GitHub\ProjectCV\dataset\GoPro\input\GOPR0881_11_01_000253.png,A:\HUST_on_GitHub\ProjectCV\dataset\GoPro\restored\GOPR0881_11_01_000253.png
test,GOPR0410_11_00_000225.png,A:\HUST_on_GitHub\ProjectCV\dataset\GoPro\input\GOPR0410_11_00_000225.png,A:\HUST_on_GitHub\ProjectCV\dataset\GoPro\restored\GOPR0410_11_00_000225.png
test,GOPR0881_11_01_000294.png,A:\HUST_on_GitHub\ProjectCV\dataset\GoPro\input\GOPR0881_11_01_000294.png,A:\HUST_on_GitHub\ProjectCV\dataset\GoPro\restored\GOPR0881_11_01_000294.png
test,GOPR0869_11_00_000038.png,A:\HUST_on_GitHub\ProjectCV\dataset\GoPro\input\GOPR0869_11_00_000038.png,A:\HUST_on_GitHub\ProjectCV\dataset\GoPro\restored\GOPR0869_11_00_000038.png
test,GOPR0881_11_01_000277.png,A:\HUST_on_GitHub\ProjectCV\dataset\GoPro\input\GOPR0881_11_01_000277.png,A:\HUST_on_GitHub\ProjectCV\dataset\GoPro\restored\GOPR0881_11_01_000277.png
test,GOPR0868_11_00_000092.png,A:\HUST_on_GitHub\ProjectCV\dataset\GoPro\input\GOPR0868_11_00_000092.png,A:\HUST_on_GitHub\ProjectCV\dataset\GoPro\restored\GOPR0868_11_00_000092.png
test,GOPR0862_11_00_000017.png,A:\HUST_on_GitHub\ProjectCV\dataset\GoPro\input\GOPR0862_11_00_000017.png,A:\HUST_on_GitHub\ProjectCV\dataset\GoPro\restored\GOPR0862_11_00_000017.png
test,GOPR0854_11_00_000056.png,A:\HUST_on_GitHub\ProjectCV\dataset\GoPro\input\GOPR0854_11_00_000056.png,A:\HUST_on_GitHub\ProjectCV\dataset\GoPro\restored\GOPR0854_11_00_000056.png
test,GOPR0854_11_00_000088.png,A:\HUST_on_GitHub\ProjectCV\dataset\GoPro\input\GOPR0854_11_00_000088.png,A:\HUST_on_GitHub\ProjectCV\dataset\GoPro\restored\GOPR0854_11_00_000088.png
test,GOPR0854_11_00_000026.png,A:\HUST_on_GitHub\ProjectCV\dataset\GoPro\input\GOPR0854_11_00_000026.png,A:\HUST_on_GitHub\ProjectCV\dataset\GoPro\restored\GOPR0854_11_00_000026.png
test,GOPR0410_11_00_000170.png,A:\HUST_on_GitHub\ProjectCV\dataset\GoPro\input\GOPR0410_11_00_000170.png,A:\HUST_on_GitHub\ProjectCV\dataset\GoPro\restored\GOPR0410_11_00_000170.png
test,GOPR0410_11_00_000195.png,A:\HUST_on_GitHub\ProjectCV\dataset\GoPro\input\GOPR0410_11_00_000195.png,A:\HUST_on_GitHub\ProjectCV\dataset\GoPro\restored\GOPR0410_11_00_000195.png
test,GOPR0871_11_00_000062.png,A:\HUST_on_GitHub\ProjectCV\dataset\GoPro\input\GOPR0871_11_00_000062.png,A:\HUST_on_GitHub\ProjectCV\dataset\GoPro\restored\GOPR0871_11_00_000062.png
test,GOPR0871_11_00_000039.png,A:\HUST_on_GitHub\ProjectCV\dataset\GoPro\input\GOPR0871_11_00_000039.png,A:\HUST_on_GitHub\ProjectCV\dataset\GoPro\restored\GOPR0871_11_00_000039.png
test,GOPR0869_11_00_000051.png,A:\HUST_on_GitHub\ProjectCV\dataset\GoPro\input\GOPR0869_11_00_000051.png,A:\HUST_on_GitHub\ProjectCV\dataset\GoPro\restored\GOPR0869_11_00_000051.png
test,GOPR0862_11_00_000016.png,A:\HUST_on_GitHub\ProjectCV\dataset\GoPro\input\GOPR0862_11_00_000016.png,A:\HUST_on_GitHub\ProjectCV\dataset\GoPro\restored\GOPR0862_11_00_000016.png
test,GOPR0384_11_05_004062.png,A:\HUST_on_GitHub\ProjectCV\dataset\GoPro\input\GOPR0384_11_05_004062.png,A:\HUST_on_GitHub\ProjectCV\dataset\GoPro\restored\GOPR0384_11_05_004062.png
test,GOPR0868_11_00_000029.png,A:\HUST_on_GitHub\ProjectCV\dataset\GoPro\input\GOPR0868_11_00_000029.png,A:\HUST_on_GitHub\ProjectCV\dataset\GoPro\restored\GOPR0868_11_00_000029.png
test,GOPR0869_11_00_000014.png,A:\HUST_on_GitHub\ProjectCV\dataset\GoPro\input\GOPR0869_11_00_000014.png,A:\HUST_on_GitHub\ProjectCV\dataset\GoPro\restored\GOPR0869_11_00_000014.png
test,GOPR0410_11_00_000227.png,A:\HUST_on_GitHub\ProjectCV\dataset\GoPro\input\GOPR0410_11_00_000227.png,A:\HUST_on_GitHub\ProjectCV\dataset\GoPro\restored\GOPR0410_11_00_000227.png
test,GOPR0869_11_00_000030.png,A:\HUST_on_GitHub\ProjectCV\dataset\GoPro\input\GOPR0869_11_00_000030.png,A:\HUST_on_GitHub\ProjectCV\dataset\GoPro\restored\GOPR0869_11_00_000030.png
test,GOPR0868_11_00_000080.png,A:\HUST_on_GitHub\ProjectCV\dataset\GoPro\input\GOPR0868_11_00_000080.png,A:\HUST_on_GitHub\ProjectCV\dataset\GoPro\restored\GOPR0868_11_00_000080.png
test,GOPR0396_11_00_000019.png,A:\HUST_on_GitHub\ProjectCV\dataset\GoPro\input\GOPR0396_11_00_000019.png,A:\HUST_on_GitHub\ProjectCV\dataset\GoPro\restored\GOPR0396_11_00_000019.png
test,GOPR0410_11_00_000211.png,A:\HUST_on_GitHub\ProjectCV\dataset\GoPro\input\GOPR0410_11_00_000211.png,A:\HUST_on_GitHub\ProjectCV\dataset\GoPro\restored\GOPR0410_11_00_000211.png
test,GOPR0384_11_00_000015.png,A:\HUST_on_GitHub\ProjectCV\dataset\GoPro\input\GOPR0384_11_00_000015.png,A:\HUST_on_GitHub\ProjectCV\dataset\GoPro\restored\GOPR0384_11_00_000015.png
test,GOPR0868_11_00_000065.png,A:\HUST_on_GitHub\ProjectCV\dataset\GoPro\input\GOPR0868_11_00_000065.png,A:\HUST_on_GitHub\ProjectCV\dataset\GoPro\restored\GOPR0868_11_00_000065.png
test,GOPR0385_11_01_003090.png,A:\HUST_on_GitHub\ProjectCV\dataset\GoPro\input\GOPR0385_11_01_003090.png,A:\HUST_on_GitHub\ProjectCV\dataset\GoPro\restored\GOPR0385_11_01_003090.png
test,GOPR0385_11_01_003057.png,A:\HUST_on_GitHub\ProjectCV\dataset\GoPro\input\GOPR0385_11_01_003057.png,A:\HUST_on_GitHub\ProjectCV\dataset\GoPro\restored\GOPR0385_11_01_003057.png
test,GOPR0385_11_01_003035.png,A:\HUST_on_GitHub\ProjectCV\dataset\GoPro\input\GOPR0385_11_01_003035.png,A:\HUST_on_GitHub\ProjectCV\dataset\GoPro\restored\GOPR0385_11_01_003035.png
test,GOPR0862_11_00_000052.png,A:\HUST_on_GitHub\ProjectCV\dataset\GoPro\input\GOPR0862_11_00_000052.png,A:\HUST_on_GitHub\ProjectCV\dataset\GoPro\restored\GOPR0862_11_00_000052.png
test,GOPR0410_11_00_000188.png,A:\HUST_on_GitHub\ProjectCV\dataset\GoPro\input\GOPR0410_11_00_000188.png,A:\HUST_on_GitHub\ProjectCV\dataset\GoPro\restored\GOPR0410_11_00_000188.png
test,GOPR0384_11_00_000005.png,A:\HUST_on_GitHub\ProjectCV\dataset\GoPro\input\GOPR0384_11_00_000005.png,A:\HUST_on_GitHub\ProjectCV\dataset\GoPro\restored\GOPR0384_11_00_000005.png
test,GOPR0871_11_00_000077.png,A:\HUST_on_GitHub\ProjectCV\dataset\GoPro\input\GOPR0871_11_00_000077.png,A:\HUST_on_GitHub\ProjectCV\dataset\GoPro\restored\GOPR0871_11_00_000077.png
test,GOPR0385_11_01_003042.png,A:\HUST_on_GitHub\ProjectCV\dataset\GoPro\input\GOPR0385_11_01_003042.png,A:\HUST_on_GitHub\ProjectCV\dataset\GoPro\restored\GOPR0385_11_01_003042.png
test,GOPR0410_11_00_000168.png,A:\HUST_on_GitHub\ProjectCV\dataset\GoPro\input\GOPR0410_11_00_000168.png,A:\HUST_on_GitHub\ProjectCV\dataset\GoPro\restored\GOPR0410_11_00_000168.png
test,GOPR0881_11_01_000278.png,A:\HUST_on_GitHub\ProjectCV\dataset\GoPro\input\GOPR0881_11_01_000278.png,A:\HUST_on_GitHub\ProjectCV\dataset\GoPro\restored\GOPR0881_11_01_000278.png
test,GOPR0881_11_01_000226.png,A:\HUST_on_GitHub\ProjectCV\dataset\GoPro\input\GOPR0881_11_01_000226.png,A:\HUST_on_GitHub\ProjectCV\dataset\GoPro\restored\GOPR0881_11_01_000226.png
test,GOPR0385_11_01_003023.png,A:\HUST_on_GitHub\ProjectCV\dataset\GoPro\input\GOPR0385_11_01_003023.png,A:\HUST_on_GitHub\ProjectCV\dataset\GoPro\restored\GOPR0385_11_01_003023.png
test,GOPR0854_11_00_000047.png,A:\HUST_on_GitHub\ProjectCV\dataset\GoPro\input\GOPR0854_11_00_000047.png,A:\HUST_on_GitHub\ProjectCV\dataset\GoPro\restored\GOPR0854_11_00_000047.png
test,GOPR0871_11_00_000092.png,A:\HUST_on_GitHub\ProjectCV\dataset\GoPro\input\GOPR0871_11_00_000092.png,A:\HUST_on_GitHub\ProjectCV\dataset\GoPro\restored\GOPR0871_11_00_000092.png
test,GOPR0854_11_00_000054.png,A:\HUST_on_GitHub\ProjectCV\dataset\GoPro\input\GOPR0854_11_00_000054.png,A:\HUST_on_GitHub\ProjectCV\dataset\GoPro\restored\GOPR0854_11_00_000054.png
test,GOPR0868_11_00_000096.png,A:\HUST_on_GitHub\ProjectCV\dataset\GoPro\input\GOPR0868_11_00_000096.png,A:\HUST_on_GitHub\ProjectCV\dataset\GoPro\restored\GOPR0868_11_00_000096.png
test,GOPR0869_11_00_000083.png,A:\HUST_on_GitHub\ProjectCV\dataset\GoPro\input\GOPR0869_11_00_000083.png,A:\HUST_on_GitHub\ProjectCV\dataset\GoPro\restored\GOPR0869_11_00_000083.png
test,GOPR0396_11_00_000081.png,A:\HUST_on_GitHub\ProjectCV\dataset\GoPro\input\GOPR0396_11_00_000081.png,A:\HUST_on_GitHub\ProjectCV\dataset\GoPro\restored\GOPR0396_11_00_000081.png
test,GOPR0868_11_00_000100.png,A:\HUST_on_GitHub\ProjectCV\dataset\GoPro\input\GOPR0868_11_00_000100.png,A:\HUST_on_GitHub\ProjectCV\dataset\GoPro\restored\GOPR0868_11_00_000100.png
test,GOPR0410_11_00_000143.png,A:\HUST_on_GitHub\ProjectCV\dataset\GoPro\input\GOPR0410_11_00_000143.png,A:\HUST_on_GitHub\ProjectCV\dataset\GoPro\restored\GOPR0410_11_00_000143.png
test,GOPR0384_11_00_000049.png,A:\HUST_on_GitHub\ProjectCV\dataset\GoPro\input\GOPR0384_11_00_000049.png,A:\HUST_on_GitHub\ProjectCV\dataset\GoPro\restored\GOPR0384_11_00_000049.png
test,GOPR0868_11_00_000016.png,A:\HUST_on_GitHub\ProjectCV\dataset\GoPro\input\GOPR0868_11_00_000016.png,A:\HUST_on_GitHub\ProjectCV\dataset\GoPro\restored\GOPR0868_11_00_000016.png
test,GOPR0385_11_01_003052.png,A:\HUST_on_GitHub\ProjectCV\dataset\GoPro\input\GOPR0385_11_01_003052.png,A:\HUST_on_GitHub\ProjectCV\dataset\GoPro\restored\GOPR0385_11_01_003052.png
test,GOPR0868_11_00_000011.png,A:\HUST_on_GitHub\ProjectCV\dataset\GoPro\input\GOPR0868_11_00_000011.png,A:\HUST_on_GitHub\ProjectCV\dataset\GoPro\restored\GOPR0868_11_00_000011.png
test,GOPR0881_11_01_000282.png,A:\HUST_on_GitHub\ProjectCV\dataset\GoPro\input\GOPR0881_11_01_000282.png,A:\HUST_on_GitHub\ProjectCV\dataset\GoPro\restored\GOPR0881_11_01_000282.png
test,GOPR0410_11_00_000186.png,A:\HUST_on_GitHub\ProjectCV\dataset\GoPro\input\GOPR0410_11_00_000186.png,A:\HUST_on_GitHub\ProjectCV\dataset\GoPro\restored\GOPR0410_11_00_000186.png
test,GOPR0385_11_01_003046.png,A:\HUST_on_GitHub\ProjectCV\dataset\GoPro\input\GOPR0385_11_01_003046.png,A:\HUST_on_GitHub\ProjectCV\dataset\GoPro\restored\GOPR0385_11_01_003046.png
test,GOPR0869_11_00_000018.png,A:\HUST_on_GitHub\ProjectCV\dataset\GoPro\input\GOPR0869_11_00_000018.png,A:\HUST_on_GitHub\ProjectCV\dataset\GoPro\restored\GOPR0869_11_00_000018.png
test,GOPR0410_11_00_000191.png,A:\HUST_on_GitHub\ProjectCV\dataset\GoPro\input\GOPR0410_11_00_000191.png,A:\HUST_on_GitHub\ProjectCV\dataset\GoPro\restored\GOPR0410_11_00_000191.png
test,GOPR0854_11_00_000016.png,A:\HUST_on_GitHub\ProjectCV\dataset\GoPro\input\GOPR0854_11_00_000016.png,A:\HUST_on_GitHub\ProjectCV\dataset\GoPro\restored\GOPR0854_11_00_000016.png
test,GOPR0868_11_00_000069.png,A:\HUST_on_GitHub\ProjectCV\dataset\GoPro\input\GOPR0868_11_00_000069.png,A:\HUST_on_GitHub\ProjectCV\dataset\GoPro\restored\GOPR0868_11_00_000069.png
test,GOPR0396_11_00_000094.png,A:\HUST_on_GitHub\ProjectCV\dataset\GoPro\input\GOPR0396_11_00_000094.png,A:\HUST_on_GitHub\ProjectCV\dataset\GoPro\restored\GOPR0396_11_00_000094.png
test,GOPR0410_11_00_000144.png,A:\HUST_on_GitHub\ProjectCV\dataset\GoPro\input\GOPR0410_11_00_000144.png,A:\HUST_on_GitHub\ProjectCV\dataset\GoPro\restored\GOPR0410_11_00_000144.png
test,GOPR0868_11_00_000062.png,A:\HUST_on_GitHub\ProjectCV\dataset\GoPro\input\GOPR0868_11_00_000062.png,A:\HUST_on_GitHub\ProjectCV\dataset\GoPro\restored\GOPR0868_11_00_000062.png
test,GOPR0854_11_00_000007.png,A:\HUST_on_GitHub\ProjectCV\dataset\GoPro\input\GOPR0854_11_00_000007.png,A:\HUST_on_GitHub\ProjectCV\dataset\GoPro\restored\GOPR0854_11_00_000007.png
test,GOPR0868_11_00_000039.png,A:\HUST_on_GitHub\ProjectCV\dataset\GoPro\input\GOPR0868_11_00_000039.png,A:\HUST_on_GitHub\ProjectCV\dataset\GoPro\restored\GOPR0868_11_00_000039.png
test,GOPR0862_11_00_000076.png,A:\HUST_on_GitHub\ProjectCV\dataset\GoPro\input\GOPR0862_11_00_000076.png,A:\HUST_on_GitHub\ProjectCV\dataset\GoPro\restored\GOPR0862_11_00_000076.png
test,GOPR0854_11_00_000064.png,A:\HUST_on_GitHub\ProjectCV\dataset\GoPro\input\GOPR0854_11_00_000064.png,A:\HUST_on_GitHub\ProjectCV\dataset\GoPro\restored\GOPR0854_11_00_000064.png
test,GOPR0881_11_01_000240.png,A:\HUST_on_GitHub\ProjectCV\dataset\GoPro\input\GOPR0881_11_01_000240.png,A:\HUST_on_GitHub\ProjectCV\dataset\GoPro\restored\GOPR0881_11_01_000240.png
test,GOPR0396_11_00_000010.png,A:\HUST_on_GitHub\ProjectCV\dataset\GoPro\input\GOPR0396_11_00_000010.png,A:\HUST_on_GitHub\ProjectCV\dataset\GoPro\restored\GOPR0396_11_00_000010.png
test,GOPR0384_11_05_004083.png,A:\HUST_on_GitHub\ProjectCV\dataset\GoPro\input\GOPR0384_11_05_004083.png,A:\HUST_on_GitHub\ProjectCV\dataset\GoPro\restored\GOPR0384_11_05_004083.png
test,GOPR0881_11_01_000215.png,A:\HUST_on_GitHub\ProjectCV\dataset\GoPro\input\GOPR0881_11_01_000215.png,A:\HUST_on_GitHub\ProjectCV\dataset\GoPro\restored\GOPR0881_11_01_000215.png
test,GOPR0384_11_00_000043.png,A:\HUST_on_GitHub\ProjectCV\dataset\GoPro\input\GOPR0384_11_00_000043.png,A:\HUST_on_GitHub\ProjectCV\dataset\GoPro\restored\GOPR0384_11_00_000043.png
test,GOPR0868_11_00_000045.png,A:\HUST_on_GitHub\ProjectCV\dataset\GoPro\input\GOPR0868_11_00_000045.png,A:\HUST_on_GitHub\ProjectCV\dataset\GoPro\restored\GOPR0868_11_00_000045.png
test,GOPR0384_11_00_000070.png,A:\HUST_on_GitHub\ProjectCV\dataset\GoPro\input\GOPR0384_11_00_000070.png,A:\HUST_on_GitHub\ProjectCV\dataset\GoPro\restored\GOPR0384_11_00_000070.png
test,GOPR0410_11_00_000199.png,A:\HUST_on_GitHub\ProjectCV\dataset\GoPro\input\GOPR0410_11_00_000199.png,A:\HUST_on_GitHub\ProjectCV\dataset\GoPro\restored\GOPR0410_11_00_000199.png
test,GOPR0410_11_00_000233.png,A:\HUST_on_GitHub\ProjectCV\dataset\GoPro\input\GOPR0410_11_00_000233.png,A:\HUST_on_GitHub\ProjectCV\dataset\GoPro\restored\GOPR0410_11_00_000233.png
test,GOPR0881_11_01_000270.png,A:\HUST_on_GitHub\ProjectCV\dataset\GoPro\input\GOPR0881_11_01_000270.png,A:\HUST_on_GitHub\ProjectCV\dataset\GoPro\restored\GOPR0881_11_01_000270.png
test,GOPR0881_11_01_000290.png,A:\HUST_on_GitHub\ProjectCV\dataset\GoPro\input\GOPR0881_11_01_000290.png,A:\HUST_on_GitHub\ProjectCV\dataset\GoPro\restored\GOPR0881_11_01_000290.png
test,GOPR0854_11_00_000006.png,A:\HUST_on_GitHub\ProjectCV\dataset\GoPro\input\GOPR0854_11_00_000006.png,A:\HUST_on_GitHub\ProjectCV\dataset\GoPro\restored\GOPR0854_11_00_000006.png
test,GOPR0410_11_00_000232.png,A:\HUST_on_GitHub\ProjectCV\dataset\GoPro\input\GOPR0410_11_00_000232.png,A:\HUST_on_GitHub\ProjectCV\dataset\GoPro\restored\GOPR0410_11_00_000232.png
test,GOPR0871_11_00_000056.png,A:\HUST_on_GitHub\ProjectCV\dataset\GoPro\input\GOPR0871_11_00_000056.png,A:\HUST_on_GitHub\ProjectCV\dataset\GoPro\restored\GOPR0871_11_00_000056.png
test,GOPR0871_11_00_000084.png,A:\HUST_on_GitHub\ProjectCV\dataset\GoPro\input\GOPR0871_11_00_000084.png,A:\HUST_on_GitHub\ProjectCV\dataset\GoPro\restored\GOPR0871_11_00_000084.png
test,GOPR0862_11_00_000035.png,A:\HUST_on_GitHub\ProjectCV\dataset\GoPro\input\GOPR0862_11_00_000035.png,A:\HUST_on_GitHub\ProjectCV\dataset\GoPro\restored\GOPR0862_11_00_000035.png
test,GOPR0854_11_00_000062.png,A:\HUST_on_GitHub\ProjectCV\dataset\GoPro\input\GOPR0854_11_00_000062.png,A:\HUST_on_GitHub\ProjectCV\dataset\GoPro\restored\GOPR0854_11_00_000062.png
test,GOPR0396_11_00_000089.png,A:\HUST_on_GitHub\ProjectCV\dataset\GoPro\input\GOPR0396_11_00_000089.png,A:\HUST_on_GitHub\ProjectCV\dataset\GoPro\restored\GOPR0396_11_00_000089.png
test,GOPR0868_11_00_000067.png,A:\HUST_on_GitHub\ProjectCV\dataset\GoPro\input\GOPR0868_11_00_000067.png,A:\HUST_on_GitHub\ProjectCV\dataset\GoPro\restored\GOPR0868_11_00_000067.png
test,GOPR0868_11_00_000087.png,A:\HUST_on_GitHub\ProjectCV\dataset\GoPro\input\GOPR0868_11_00_000087.png,A:\HUST_on_GitHub\ProjectCV\dataset\GoPro\restored\GOPR0868_11_00_000087.png
test,GOPR0854_11_00_000030.png,A:\HUST_on_GitHub\ProjectCV\dataset\GoPro\input\GOPR0854_11_00_000030.png,A:\HUST_on_GitHub\ProjectCV\dataset\GoPro\restored\GOPR0854_11_00_000030.png
test,GOPR0862_11_00_000034.png,A:\HUST_on_GitHub\ProjectCV\dataset\GoPro\input\GOPR0862_11_00_000034.png,A:\HUST_on_GitHub\ProjectCV\dataset\GoPro\restored\GOPR0862_11_00_000034.png
test,GOPR0410_11_00_000196.png,A:\HUST_on_GitHub\ProjectCV\dataset\GoPro\input\GOPR0410_11_00_000196.png,A:\HUST_on_GitHub\ProjectCV\dataset\GoPro\restored\GOPR0410_11_00_000196.png
test,GOPR0869_11_00_000036.png,A:\HUST_on_GitHub\ProjectCV\dataset\GoPro\input\GOPR0869_11_00_000036.png,A:\HUST_on_GitHub\ProjectCV\dataset\GoPro\restored\GOPR0869_11_00_000036.png
test,GOPR0854_11_00_000040.png,A:\HUST_on_GitHub\ProjectCV\dataset\GoPro\input\GOPR0854_11_00_000040.png,A:\HUST_on_GitHub\ProjectCV\dataset\GoPro\restored\GOPR0854_11_00_000040.png
test,GOPR0854_11_00_000038.png,A:\HUST_on_GitHub\ProjectCV\dataset\GoPro\input\GOPR0854_11_00_000038.png,A:\HUST_on_GitHub\ProjectCV\dataset\GoPro\restored\GOPR0854_11_00_000038.png
test,GOPR0871_11_00_000090.png,A:\HUST_on_GitHub\ProjectCV\dataset\GoPro\input\GOPR0871_11_00_000090.png,A:\HUST_on_GitHub\ProjectCV\dataset\GoPro\restored\GOPR0871_11_00_000090.png
test,GOPR0396_11_00_000088.png,A:\HUST_on_GitHub\ProjectCV\dataset\GoPro\input\GOPR0396_11_00_000088.png,A:\HUST_on_GitHub\ProjectCV\dataset\GoPro\restored\GOPR0396_11_00_000088.png
test,GOPR0871_11_00_000031.png,A:\HUST_on_GitHub\ProjectCV\dataset\GoPro\input\GOPR0871_11_00_000031.png,A:\HUST_on_GitHub\ProjectCV\dataset\GoPro\restored\GOPR0871_11_00_000031.png
test,GOPR0862_11_00_000043.png,A:\HUST_on_GitHub\ProjectCV\dataset\GoPro\input\GOPR0862_11_00_000043.png,A:\HUST_on_GitHub\ProjectCV\dataset\GoPro\restored\GOPR0862_11_00_000043.png
test,GOPR0384_11_00_000063.png,A:\HUST_on_GitHub\ProjectCV\dataset\GoPro\input\GOPR0384_11_00_000063.png,A:\HUST_on_GitHub\ProjectCV\dataset\GoPro\restored\GOPR0384_11_00_000063.png
test,GOPR0871_11_00_000095.png,A:\HUST_on_GitHub\ProjectCV\dataset\GoPro\input\GOPR0871_11_00_000095.png,A:\HUST_on_GitHub\ProjectCV\dataset\GoPro\restored\GOPR0871_11_00_000095.png
test,GOPR0881_11_01_000204.png,A:\HUST_on_GitHub\ProjectCV\dataset\GoPro\input\GOPR0881_11_01_000204.png,A:\HUST_on_GitHub\ProjectCV\dataset\GoPro\restored\GOPR0881_11_01_000204.png
test,GOPR0881_11_01_000243.png,A:\HUST_on_GitHub\ProjectCV\dataset\GoPro\input\GOPR0881_11_01_000243.png,A:\HUST_on_GitHub\ProjectCV\dataset\GoPro\restored\GOPR0881_11_01_000243.png
test,GOPR0854_11_00_000084.png,A:\HUST_on_GitHub\ProjectCV\dataset\GoPro\input\GOPR0854_11_00_000084.png,A:\HUST_on_GitHub\ProjectCV\dataset\GoPro\restored\GOPR0854_11_00_000084.png
test,GOPR0862_11_00_000054.png,A:\HUST_on_GitHub\ProjectCV\dataset\GoPro\input\GOPR0862_11_00_000054.png,A:\HUST_on_GitHub\ProjectCV\dataset\GoPro\restored\GOPR0862_11_00_000054.png
test,GOPR0881_11_01_000261.png,A:\HUST_on_GitHub\ProjectCV\dataset\GoPro\input\GOPR0881_11_01_000261.png,A:\HUST_on_GitHub\ProjectCV\dataset\GoPro\restored\GOPR0881_11_01_000261.png
test,GOPR0410_11_00_000118.png,A:\HUST_on_GitHub\ProjectCV\dataset\GoPro\input\GOPR0410_11_00_000118.png,A:\HUST_on_GitHub\ProjectCV\dataset\GoPro\restored\GOPR0410_11_00_000118.png
test,GOPR0881_11_01_000207.png,A:\HUST_on_GitHub\ProjectCV\dataset\GoPro\input\GOPR0881_11_01_000207.png,A:\HUST_on_GitHub\ProjectCV\dataset\GoPro\restored\GOPR0881_11_01_000207.png
test,GOPR0410_11_00_000226.png,A:\HUST_on_GitHub\ProjectCV\dataset\GoPro\input\GOPR0410_11_00_000226.png,A:\HUST_on_GitHub\ProjectCV\dataset\GoPro\restored\GOPR0410_11_00_000226.png
test,GOPR0868_11_00_000094.png,A:\HUST_on_GitHub\ProjectCV\dataset\GoPro\input\GOPR0868_11_00_000094.png,A:\HUST_on_GitHub\ProjectCV\dataset\GoPro\restored\GOPR0868_11_00_000094.png
test,GOPR0868_11_00_000079.png,A:\HUST_on_GitHub\ProjectCV\dataset\GoPro\input\GOPR0868_11_00_000079.png,A:\HUST_on_GitHub\ProjectCV\dataset\GoPro\restored\GOPR0868_11_00_000079.png
test,GOPR0384_11_05_004072.png,A:\HUST_on_GitHub\ProjectCV\dataset\GoPro\input\GOPR0384_11_05_004072.png,A:\HUST_on_GitHub\ProjectCV\dataset\GoPro\restored\GOPR0384_11_05_004072.png
test,GOPR0869_11_00_000024.png,A:\HUST_on_GitHub\ProjectCV\dataset\GoPro\input\GOPR0869_11_00_000024.png,A:\HUST_on_GitHub\ProjectCV\dataset\GoPro\restored\GOPR0869_11_00_000024.png
test,GOPR0854_11_00_000041.png,A:\HUST_on_GitHub\ProjectCV\dataset\GoPro\input\GOPR0854_11_00_000041.png,A:\HUST_on_GitHub\ProjectCV\dataset\GoPro\restored\GOPR0854_11_00_000041.png
test,GOPR0871_11_00_000048.png,A:\HUST_on_GitHub\ProjectCV\dataset\GoPro\input\GOPR0871_11_00_000048.png,A:\HUST_on_GitHub\ProjectCV\dataset\GoPro\restored\GOPR0871_11_00_000048.png
test,GOPR0384_11_05_004066.png,A:\HUST_on_GitHub\ProjectCV\dataset\GoPro\input\GOPR0384_11_05_004066.png,A:\HUST_on_GitHub\ProjectCV\dataset\GoPro\restored\GOPR0384_11_05_004066.png
test,GOPR0869_11_00_000050.png,A:\HUST_on_GitHub\ProjectCV\dataset\GoPro\input\GOPR0869_11_00_000050.png,A:\HUST_on_GitHub\ProjectCV\dataset\GoPro\restored\GOPR0869_11_00_000050.png
test,GOPR0384_11_05_004086.png,A:\HUST_on_GitHub\ProjectCV\dataset\GoPro\input\GOPR0384_11_05_004086.png,A:\HUST_on_GitHub\ProjectCV\dataset\GoPro\restored\GOPR0384_11_05_004086.png
test,GOPR0396_11_00_000009.png,A:\HUST_on_GitHub\ProjectCV\dataset\GoPro\input\GOPR0396_11_00_000009.png,A:\HUST_on_GitHub\ProjectCV\dataset\GoPro\restored\GOPR0396_11_00_000009.png
test,GOPR0410_11_00_000223.png,A:\HUST_on_GitHub\ProjectCV\dataset\GoPro\input\GOPR0410_11_00_000223.png,A:\HUST_on_GitHub\ProjectCV\dataset\GoPro\restored\GOPR0410_11_00_000223.png
test,GOPR0854_11_00_000100.png,A:\HUST_on_GitHub\ProjectCV\dataset\GoPro\input\GOPR0854_11_00_000100.png,A:\HUST_on_GitHub\ProjectCV\dataset\GoPro\restored\GOPR0854_11_00_000100.png
test,GOPR0854_11_00_000052.png,A:\HUST_on_GitHub\ProjectCV\dataset\GoPro\input\GOPR0854_11_00_000052.png,A:\HUST_on_GitHub\ProjectCV\dataset\GoPro\restored\GOPR0854_11_00_000052.png
test,GOPR0384_11_05_004028.png,A:\HUST_on_GitHub\ProjectCV\dataset\GoPro\input\GOPR0384_11_05_004028.png,A:\HUST_on_GitHub\ProjectCV\dataset\GoPro\restored\GOPR0384_11_05_004028.png
test,GOPR0385_11_01_003049.png,A:\HUST_on_GitHub\ProjectCV\dataset\GoPro\input\GOPR0385_11_01_003049.png,A:\HUST_on_GitHub\ProjectCV\dataset\GoPro\restored\GOPR0385_11_01_003049.png
test,GOPR0396_11_00_000074.png,A:\HUST_on_GitHub\ProjectCV\dataset\GoPro\input\GOPR0396_11_00_000074.png,A:\HUST_on_GitHub\ProjectCV\dataset\GoPro\restored\GOPR0396_11_00_000074.png
test,GOPR0396_11_00_000051.png,A:\HUST_on_GitHub\ProjectCV\dataset\GoPro\input\GOPR0396_11_00_000051.png,A:\HUST_on_GitHub\ProjectCV\dataset\GoPro\restored\GOPR0396_11_00_000051.png
test,GOPR0869_11_00_000034.png,A:\HUST_on_GitHub\ProjectCV\dataset\GoPro\input\GOPR0869_11_00_000034.png,A:\HUST_on_GitHub\ProjectCV\dataset\GoPro\restored\GOPR0869_11_00_000034.png
test,GOPR0869_11_00_000008.png,A:\HUST_on_GitHub\ProjectCV\dataset\GoPro\input\GOPR0869_11_00_000008.png,A:\HUST_on_GitHub\ProjectCV\dataset\GoPro\restored\GOPR0869_11_00_000008.png
test,GOPR0396_11_00_000091.png,A:\HUST_on_GitHub\ProjectCV\dataset\GoPro\input\GOPR0396_11_00_000091.png,A:\HUST_on_GitHub\ProjectCV\dataset\GoPro\restored\GOPR0396_11_00_000091.png
test,GOPR0869_11_00_000100.png,A:\HUST_on_GitHub\ProjectCV\dataset\GoPro\input\GOPR0869_11_00_000100.png,A:\HUST_on_GitHub\ProjectCV\dataset\GoPro\restored\GOPR0869_11_00_000100.png
test,GOPR0854_11_00_000044.png,A:\HUST_on_GitHub\ProjectCV\dataset\GoPro\input\GOPR0854_11_00_000044.png,A:\HUST_on_GitHub\ProjectCV\dataset\GoPro\restored\GOPR0854_11_00_000044.png
test,GOPR0881_11_01_000271.png,A:\HUST_on_GitHub\ProjectCV\dataset\GoPro\input\GOPR0881_11_01_000271.png,A:\HUST_on_GitHub\ProjectCV\dataset\GoPro\restored\GOPR0881_11_01_000271.png
test,GOPR0871_11_00_000040.png,A:\HUST_on_GitHub\ProjectCV\dataset\GoPro\input\GOPR0871_11_00_000040.png,A:\HUST_on_GitHub\ProjectCV\dataset\GoPro\restored\GOPR0871_11_00_000040.png
test,GOPR0862_11_00_000066.png,A:\HUST_on_GitHub\ProjectCV\dataset\GoPro\input\GOPR0862_11_00_000066.png,A:\HUST_on_GitHub\ProjectCV\dataset\GoPro\restored\GOPR0862_11_00_000066.png
test,GOPR0862_11_00_000049.png,A:\HUST_on_GitHub\ProjectCV\dataset\GoPro\input\GOPR0862_11_00_000049.png,A:\HUST_on_GitHub\ProjectCV\dataset\GoPro\restored\GOPR0862_11_00_000049.png
test,GOPR0868_11_00_000027.png,A:\HUST_on_GitHub\ProjectCV\dataset\GoPro\input\GOPR0868_11_00_000027.png,A:\HUST_on_GitHub\ProjectCV\dataset\GoPro\restored\GOPR0868_11_00_000027.png
test,GOPR0384_11_05_004001.png,A:\HUST_on_GitHub\ProjectCV\dataset\GoPro\input\GOPR0384_11_05_004001.png,A:\HUST_on_GitHub\ProjectCV\dataset\GoPro\restored\GOPR0384_11_05_004001.png
test,GOPR0869_11_00_000010.png,A:\HUST_on_GitHub\ProjectCV\dataset\GoPro\input\GOPR0869_11_00_000010.png,A:\HUST_on_GitHub\ProjectCV\dataset\GoPro\restored\GOPR0869_11_00_000010.png
test,GOPR0871_11_00_000067.png,A:\HUST_on_GitHub\ProjectCV\dataset\GoPro\input\GOPR0871_11_00_000067.png,A:\HUST_on_GitHub\ProjectCV\dataset\GoPro\restored\GOPR0871_11_00_000067.png
test,GOPR0384_11_00_000013.png,A:\HUST_on_GitHub\ProjectCV\dataset\GoPro\input\GOPR0384_11_00_000013.png,A:\HUST_on_GitHub\ProjectCV\dataset\GoPro\restored\GOPR0384_11_00_000013.png
test,GOPR0862_11_00_000047.png,A:\HUST_on_GitHub\ProjectCV\dataset\GoPro\input\GOPR0862_11_00_000047.png,A:\HUST_on_GitHub\ProjectCV\dataset\GoPro\restored\GOPR0862_11_00_000047.png
test,GOPR0868_11_00_000081.png,A:\HUST_on_GitHub\ProjectCV\dataset\GoPro\input\GOPR0868_11_00_000081.png,A:\HUST_on_GitHub\ProjectCV\dataset\GoPro\restored\GOPR0868_11_00_000081.png
test,GOPR0871_11_00_000007.png,A:\HUST_on_GitHub\ProjectCV\dataset\GoPro\input\GOPR0871_11_00_000007.png,A:\HUST_on_GitHub\ProjectCV\dataset\GoPro\restored\GOPR0871_11_00_000007.png
test,GOPR0881_11_01_000279.png,A:\HUST_on_GitHub\ProjectCV\dataset\GoPro\input\GOPR0881_11_01_000279.png,A:\HUST_on_GitHub\ProjectCV\dataset\GoPro\restored\GOPR0881_11_01_000279.png
test,GOPR0862_11_00_000027.png,A:\HUST_on_GitHub\ProjectCV\dataset\GoPro\input\GOPR0862_11_00_000027.png,A:\HUST_on_GitHub\ProjectCV\dataset\GoPro\restored\GOPR0862_11_00_000027.png
test,GOPR0868_11_00_000042.png,A:\HUST_on_GitHub\ProjectCV\dataset\GoPro\input\GOPR0868_11_00_000042.png,A:\HUST_on_GitHub\ProjectCV\dataset\GoPro\restored\GOPR0868_11_00_000042.png
test,GOPR0854_11_00_000003.png,A:\HUST_on_GitHub\ProjectCV\dataset\GoPro\input\GOPR0854_11_00_000003.png,A:\HUST_on_GitHub\ProjectCV\dataset\GoPro\restored\GOPR0854_11_00_000003.png
test,GOPR0385_11_01_003107.png,A:\HUST_on_GitHub\ProjectCV\dataset\GoPro\input\GOPR0385_11_01_003107.png,A:\HUST_on_GitHub\ProjectCV\dataset\GoPro\restored\GOPR0385_11_01_003107.png
test,GOPR0396_11_00_000018.png,A:\HUST_on_GitHub\ProjectCV\dataset\GoPro\input\GOPR0396_11_00_000018.png,A:\HUST_on_GitHub\ProjectCV\dataset\GoPro\restored\GOPR0396_11_00_000018.png
test,GOPR0410_11_00_000197.png,A:\HUST_on_GitHub\ProjectCV\dataset\GoPro\input\GOPR0410_11_00_000197.png,A:\HUST_on_GitHub\ProjectCV\dataset\GoPro\restored\GOPR0410_11_00_000197.png
test,GOPR0881_11_01_000210.png,A:\HUST_on_GitHub\ProjectCV\dataset\GoPro\input\GOPR0881_11_01_000210.png,A:\HUST_on_GitHub\ProjectCV\dataset\GoPro\restored\GOPR0881_11_01_000210.png
test,GOPR0871_11_00_000069.png,A:\HUST_on_GitHub\ProjectCV\dataset\GoPro\input\GOPR0871_11_00_000069.png,A:\HUST_on_GitHub\ProjectCV\dataset\GoPro\restored\GOPR0871_11_00_000069.png
test,GOPR0862_11_00_000037.png,A:\HUST_on_GitHub\ProjectCV\dataset\GoPro\input\GOPR0862_11_00_000037.png,A:\HUST_on_GitHub\ProjectCV\dataset\GoPro\restored\GOPR0862_11_00_000037.png
test,GOPR0384_11_05_004070.png,A:\HUST_on_GitHub\ProjectCV\dataset\GoPro\input\GOPR0384_11_05_004070.png,A:\HUST_on_GitHub\ProjectCV\dataset\GoPro\restored\GOPR0384_11_05_004070.png
test,GOPR0410_11_00_000182.png,A:\HUST_on_GitHub\ProjectCV\dataset\GoPro\input\GOPR0410_11_00_000182.png,A:\HUST_on_GitHub\ProjectCV\dataset\GoPro\restored\GOPR0410_11_00_000182.png
test,GOPR0871_11_00_000008.png,A:\HUST_on_GitHub\ProjectCV\dataset\GoPro\input\GOPR0871_11_00_000008.png,A:\HUST_on_GitHub\ProjectCV\dataset\GoPro\restored\GOPR0871_11_00_000008.png
test,GOPR0862_11_00_000064.png,A:\HUST_on_GitHub\ProjectCV\dataset\GoPro\input\GOPR0862_11_00_000064.png,A:\HUST_on_GitHub\ProjectCV\dataset\GoPro\restored\GOPR0862_11_00_000064.png
test,GOPR0384_11_00_000044.png,A:\HUST_on_GitHub\ProjectCV\dataset\GoPro\input\GOPR0384_11_00_000044.png,A:\HUST_on_GitHub\ProjectCV\dataset\GoPro\restored\GOPR0384_11_00_000044.png
test,GOPR0384_11_05_004003.png,A:\HUST_on_GitHub\ProjectCV\dataset\GoPro\input\GOPR0384_11_05_004003.png,A:\HUST_on_GitHub\ProjectCV\dataset\GoPro\restored\GOPR0384_11_05_004003.png
test,GOPR0868_11_00_000068.png,A:\HUST_on_GitHub\ProjectCV\dataset\GoPro\input\GOPR0868_11_00_000068.png,A:\HUST_on_GitHub\ProjectCV\dataset\GoPro\restored\GOPR0868_11_00_000068.png
test,GOPR0881_11_01_000262.png,A:\HUST_on_GitHub\ProjectCV\dataset\GoPro\input\GOPR0881_11_01_000262.png,A:\HUST_on_GitHub\ProjectCV\dataset\GoPro\restored\GOPR0881_11_01_000262.png
test,GOPR0384_11_00_000100.png,A:\HUST_on_GitHub\ProjectCV\dataset\GoPro\input\GOPR0384_11_00_000100.png,A:\HUST_on_GitHub\ProjectCV\dataset\GoPro\restored\GOPR0384_11_00_000100.png
test,GOPR0868_11_00_000012.png,A:\HUST_on_GitHub\ProjectCV\dataset\GoPro\input\GOPR0868_11_00_000012.png,A:\HUST_on_GitHub\ProjectCV\dataset\GoPro\restored\GOPR0868_11_00_000012.png
test,GOPR0869_11_00_000054.png,A:\HUST_on_GitHub\ProjectCV\dataset\GoPro\input\GOPR0869_11_00_000054.png,A:\HUST_on_GitHub\ProjectCV\dataset\GoPro\restored\GOPR0869_11_00_000054.png
test,GOPR0384_11_00_000077.png,A:\HUST_on_GitHub\ProjectCV\dataset\GoPro\input\GOPR0384_11_00_000077.png,A:\HUST_on_GitHub\ProjectCV\dataset\GoPro\restored\GOPR0384_11_00_000077.png
test,GOPR0385_11_01_003092.png,A:\HUST_on_GitHub\ProjectCV\dataset\GoPro\input\GOPR0385_11_01_003092.png,A:\HUST_on_GitHub\ProjectCV\dataset\GoPro\restored\GOPR0385_11_01_003092.png
test,GOPR0871_11_00_000020.png,A:\HUST_on_GitHub\ProjectCV\dataset\GoPro\input\GOPR0871_11_00_000020.png,A:\HUST_on_GitHub\ProjectCV\dataset\GoPro\restored\GOPR0871_11_00_000020.png
test,GOPR0868_11_00_000009.png,A:\HUST_on_GitHub\ProjectCV\dataset\GoPro\input\GOPR0868_11_00_000009.png,A:\HUST_on_GitHub\ProjectCV\dataset\GoPro\restored\GOPR0868_11_00_000009.png
test,GOPR0862_11_00_000013.png,A:\HUST_on_GitHub\ProjectCV\dataset\GoPro\input\GOPR0862_11_00_000013.png,A:\HUST_on_GitHub\ProjectCV\dataset\GoPro\restored\GOPR0862_11_00_000013.png
test,GOPR0384_11_00_000066.png,A:\HUST_on_GitHub\ProjectCV\dataset\GoPro\input\GOPR0384_11_00_000066.png,A:\HUST_on_GitHub\ProjectCV\dataset\GoPro\restored\GOPR0384_11_00_000066.png
test,GOPR0385_11_01_003040.png,A:\HUST_on_GitHub\ProjectCV\dataset\GoPro\input\GOPR0385_11_01_003040.png,A:\HUST_on_GitHub\ProjectCV\dataset\GoPro\restored\GOPR0385_11_01_003040.png
test,GOPR0869_11_00_000065.png,A:\HUST_on_GitHub\ProjectCV\dataset\GoPro\input\GOPR0869_11_00_000065.png,A:\HUST_on_GitHub\ProjectCV\dataset\GoPro\restored\GOPR0869_11_00_000065.png
test,GOPR0384_11_00_000078.png,A:\HUST_on_GitHub\ProjectCV\dataset\GoPro\input\GOPR0384_11_00_000078.png,A:\HUST_on_GitHub\ProjectCV\dataset\GoPro\restored\GOPR0384_11_00_000078.png
test,GOPR0410_11_00_000136.png,A:\HUST_on_GitHub\ProjectCV\dataset\GoPro\input\GOPR0410_11_00_000136.png,A:\HUST_on_GitHub\ProjectCV\dataset\GoPro\restored\GOPR0410_11_00_000136.png
test,GOPR0385_11_01_003013.png,A:\HUST_on_GitHub\ProjectCV\dataset\GoPro\input\GOPR0385_11_01_003013.png,A:\HUST_on_GitHub\ProjectCV\dataset\GoPro\restored\GOPR0385_11_01_003013.png
test,GOPR0871_11_00_000022.png,A:\HUST_on_GitHub\ProjectCV\dataset\GoPro\input\GOPR0871_11_00_000022.png,A:\HUST_on_GitHub\ProjectCV\dataset\GoPro\restored\GOPR0871_11_00_000022.png
test,GOPR0384_11_00_000014.png,A:\HUST_on_GitHub\ProjectCV\dataset\GoPro\input\GOPR0384_11_00_000014.png,A:\HUST_on_GitHub\ProjectCV\dataset\GoPro\restored\GOPR0384_11_00_000014.png
test,GOPR0881_11_01_000252.png,A:\HUST_on_GitHub\ProjectCV\dataset\GoPro\input\GOPR0881_11_01_000252.png,A:\HUST_on_GitHub\ProjectCV\dataset\GoPro\restored\GOPR0881_11_01_000252.png
test,GOPR0854_11_00_000057.png,A:\HUST_on_GitHub\ProjectCV\dataset\GoPro\input\GOPR0854_11_00_000057.png,A:\HUST_on_GitHub\ProjectCV\dataset\GoPro\restored\GOPR0854_11_00_000057.png
test,GOPR0410_11_00_000146.png,A:\HUST_on_GitHub\ProjectCV\dataset\GoPro\input\GOPR0410_11_00_000146.png,A:\HUST_on_GitHub\ProjectCV\dataset\GoPro\restored\GOPR0410_11_00_000146.png
test,GOPR0868_11_00_000055.png,A:\HUST_on_GitHub\ProjectCV\dataset\GoPro\input\GOPR0868_11_00_000055.png,A:\HUST_on_GitHub\ProjectCV\dataset\GoPro\restored\GOPR0868_11_00_000055.png
test,GOPR0862_11_00_000022.png,A:\HUST_on_GitHub\ProjectCV\dataset\GoPro\input\GOPR0862_11_00_000022.png,A:\HUST_on_GitHub\ProjectCV\dataset\GoPro\restored\GOPR0862_11_00_000022.png
test,GOPR0410_11_00_000129.png,A:\HUST_on_GitHub\ProjectCV\dataset\GoPro\input\GOPR0410_11_00_000129.png,A:\HUST_on_GitHub\ProjectCV\dataset\GoPro\restored\GOPR0410_11_00_000129.png
test,GOPR0881_11_01_000288.png,A:\HUST_on_GitHub\ProjectCV\dataset\GoPro\input\GOPR0881_11_01_000288.png,A:\HUST_on_GitHub\ProjectCV\dataset\GoPro\restored\GOPR0881_11_01_000288.png
test,GOPR0868_11_00_000071.png,A:\HUST_on_GitHub\ProjectCV\dataset\GoPro\input\GOPR0868_11_00_000071.png,A:\HUST_on_GitHub\ProjectCV\dataset\GoPro\restored\GOPR0868_11_00_000071.png
test,GOPR0871_11_00_000014.png,A:\HUST_on_GitHub\ProjectCV\dataset\GoPro\input\GOPR0871_11_00_000014.png,A:\HUST_on_GitHub\ProjectCV\dataset\GoPro\restored\GOPR0871_11_00_000014.png
test,GOPR0862_11_00_000058.png,A:\HUST_on_GitHub\ProjectCV\dataset\GoPro\input\GOPR0862_11_00_000058.png,A:\HUST_on_GitHub\ProjectCV\dataset\GoPro\restored\GOPR0862_11_00_000058.png
test,GOPR0410_11_00_000220.png,A:\HUST_on_GitHub\ProjectCV\dataset\GoPro\input\GOPR0410_11_00_000220.png,A:\HUST_on_GitHub\ProjectCV\dataset\GoPro\restored\GOPR0410_11_00_000220.png
test,GOPR0396_11_00_000026.png,A:\HUST_on_GitHub\ProjectCV\dataset\GoPro\input\GOPR0396_11_00_000026.png,A:\HUST_on_GitHub\ProjectCV\dataset\GoPro\restored\GOPR0396_11_00_000026.png
test,GOPR0854_11_00_000097.png,A:\HUST_on_GitHub\ProjectCV\dataset\GoPro\input\GOPR0854_11_00_000097.png,A:\HUST_on_GitHub\ProjectCV\dataset\GoPro\restored\GOPR0854_11_00_000097.png
test,GOPR0385_11_01_003095.png,A:\HUST_on_GitHub\ProjectCV\dataset\GoPro\input\GOPR0385_11_01_003095.png,A:\HUST_on_GitHub\ProjectCV\dataset\GoPro\restored\GOPR0385_11_01_003095.png
test,GOPR0396_11_00_000079.png,A:\HUST_on_GitHub\ProjectCV\dataset\GoPro\input\GOPR0396_11_00_000079.png,A:\HUST_on_GitHub\ProjectCV\dataset\GoPro\restored\GOPR0396_11_00_000079.png
test,GOPR0871_11_00_000096.png,A:\HUST_on_GitHub\ProjectCV\dataset\GoPro\input\GOPR0871_11_00_000096.png,A:\HUST_on_GitHub\ProjectCV\dataset\GoPro\restored\GOPR0871_11_00_000096.png
test,GOPR0384_11_05_004095.png,A:\HUST_on_GitHub\ProjectCV\dataset\GoPro\input\GOPR0384_11_05_004095.png,A:\HUST_on_GitHub\ProjectCV\dataset\GoPro\restored\GOPR0384_11_05_004095.png
test,GOPR0871_11_00_000019.png,A:\HUST_on_GitHub\ProjectCV\dataset\GoPro\input\GOPR0871_11_00_000019.png,A:\HUST_on_GitHub\ProjectCV\dataset\GoPro\restored\GOPR0871_11_00_000019.png
test,GOPR0410_11_00_000157.png,A:\HUST_on_GitHub\ProjectCV\dataset\GoPro\input\GOPR0410_11_00_000157.png,A:\HUST_on_GitHub\ProjectCV\dataset\GoPro\restored\GOPR0410_11_00_000157.png
test,GOPR0862_11_00_000032.png,A:\HUST_on_GitHub\ProjectCV\dataset\GoPro\input\GOPR0862_11_00_000032.png,A:\HUST_on_GitHub\ProjectCV\dataset\GoPro\restored\GOPR0862_11_00_000032.png
test,GOPR0384_11_00_000016.png,A:\HUST_on_GitHub\ProjectCV\dataset\GoPro\input\GOPR0384_11_00_000016.png,A:\HUST_on_GitHub\ProjectCV\dataset\GoPro\restored\GOPR0384_11_00_000016.png
test,GOPR0396_11_00_000076.png,A:\HUST_on_GitHub\ProjectCV\dataset\GoPro\input\GOPR0396_11_00_000076.png,A:\HUST_on_GitHub\ProjectCV\dataset\GoPro\restored\GOPR0396_11_00_000076.png
test,GOPR0869_11_00_000053.png,A:\HUST_on_GitHub\ProjectCV\dataset\GoPro\input\GOPR0869_11_00_000053.png,A:\HUST_on_GitHub\ProjectCV\dataset\GoPro\restored\GOPR0869_11_00_000053.png
test,GOPR0385_11_01_003103.png,A:\HUST_on_GitHub\ProjectCV\dataset\GoPro\input\GOPR0385_11_01_003103.png,A:\HUST_on_GitHub\ProjectCV\dataset\GoPro\restored\GOPR0385_11_01_003103.png
test,GOPR0868_11_00_000061.png,A:\HUST_on_GitHub\ProjectCV\dataset\GoPro\input\GOPR0868_11_00_000061.png,A:\HUST_on_GitHub\ProjectCV\dataset\GoPro\restored\GOPR0868_11_00_000061.png
test,GOPR0854_11_00_000018.png,A:\HUST_on_GitHub\ProjectCV\dataset\GoPro\input\GOPR0854_11_00_000018.png,A:\HUST_on_GitHub\ProjectCV\dataset\GoPro\restored\GOPR0854_11_00_000018.png
test,GOPR0869_11_00_000060.png,A:\HUST_on_GitHub\ProjectCV\dataset\GoPro\input\GOPR0869_11_00_000060.png,A:\HUST_on_GitHub\ProjectCV\dataset\GoPro\restored\GOPR0869_11_00_000060.png
test,GOPR0385_11_01_003066.png,A:\HUST_on_GitHub\ProjectCV\dataset\GoPro\input\GOPR0385_11_01_003066.png,A:\HUST_on_GitHub\ProjectCV\dataset\GoPro\restored\GOPR0385_11_01_003066.png
test,GOPR0384_11_00_000080.png,A:\HUST_on_GitHub\ProjectCV\dataset\GoPro\input\GOPR0384_11_00_000080.png,A:\HUST_on_GitHub\ProjectCV\dataset\GoPro\restored\GOPR0384_11_00_000080.png
test,GOPR0384_11_05_004007.png,A:\HUST_on_GitHub\ProjectCV\dataset\GoPro\input\GOPR0384_11_05_004007.png,A:\HUST_on_GitHub\ProjectCV\dataset\GoPro\restored\GOPR0384_11_05_004007.png
test,GOPR0868_11_00_000089.png,A:\HUST_on_GitHub\ProjectCV\dataset\GoPro\input\GOPR0868_11_00_000089.png,A:\HUST_on_GitHub\ProjectCV\dataset\GoPro\restored\GOPR0868_11_00_000089.png
test,GOPR0385_11_01_003079.png,A:\HUST_on_GitHub\ProjectCV\dataset\GoPro\input\GOPR0385_11_01_003079.png,A:\HUST_on_GitHub\ProjectCV\dataset\GoPro\restored\GOPR0385_11_01_003079.png
test,GOPR0385_11_01_003048.png,A:\HUST_on_GitHub\ProjectCV\dataset\GoPro\input\GOPR0385_11_01_003048.png,A:\HUST_on_GitHub\ProjectCV\dataset\GoPro\restored\GOPR0385_11_01_003048.png
test,GOPR0384_11_05_004010.png,A:\HUST_on_GitHub\ProjectCV\dataset\GoPro\input\GOPR0384_11_05_004010.png,A:\HUST_on_GitHub\ProjectCV\dataset\GoPro\restored\GOPR0384_11_05_004010.png
test,GOPR0384_11_00_000018.png,A:\HUST_on_GitHub\ProjectCV\dataset\GoPro\input\GOPR0384_11_00_000018.png,A:\HUST_on_GitHub\ProjectCV\dataset\GoPro\restored\GOPR0384_11_00_000018.png
test,GOPR0384_11_05_004023.png,A:\HUST_on_GitHub\ProjectCV\dataset\GoPro\input\GOPR0384_11_05_004023.png,A:\HUST_on_GitHub\ProjectCV\dataset\GoPro\restored\GOPR0384_11_05_004023.png
test,GOPR0854_11_00_000072.png,A:\HUST_on_GitHub\ProjectCV\dataset\GoPro\input\GOPR0854_11_00_000072.png,A:\HUST_on_GitHub\ProjectCV\dataset\GoPro\restored\GOPR0854_11_00_000072.png
test,GOPR0854_11_00_000011.png,A:\HUST_on_GitHub\ProjectCV\dataset\GoPro\input\GOPR0854_11_00_000011.png,A:\HUST_on_GitHub\ProjectCV\dataset\GoPro\restored\GOPR0854_11_00_000011.png
test,GOPR0410_11_00_000138.png,A:\HUST_on_GitHub\ProjectCV\dataset\GoPro\input\GOPR0410_11_00_000138.png,A:\HUST_on_GitHub\ProjectCV\dataset\GoPro\restored\GOPR0410_11_00_000138.png
test,GOPR0868_11_00_000004.png,A:\HUST_on_GitHub\ProjectCV\dataset\GoPro\input\GOPR0868_11_00_000004.png,A:\HUST_on_GitHub\ProjectCV\dataset\GoPro\restored\GOPR0868_11_00_000004.png
test,GOPR0868_11_00_000023.png,A:\HUST_on_GitHub\ProjectCV\dataset\GoPro\input\GOPR0868_11_00_000023.png,A:\HUST_on_GitHub\ProjectCV\dataset\GoPro\restored\GOPR0868_11_00_000023.png
test,GOPR0410_11_00_000106.png,A:\HUST_on_GitHub\ProjectCV\dataset\GoPro\input\GOPR0410_11_00_000106.png,A:\HUST_on_GitHub\ProjectCV\dataset\GoPro\restored\GOPR0410_11_00_000106.png
test,GOPR0871_11_00_000065.png,A:\HUST_on_GitHub\ProjectCV\dataset\GoPro\input\GOPR0871_11_00_000065.png,A:\HUST_on_GitHub\ProjectCV\dataset\GoPro\restored\GOPR0871_11_00_000065.png
test,GOPR0868_11_00_000031.png,A:\HUST_on_GitHub\ProjectCV\dataset\GoPro\input\GOPR0868_11_00_000031.png,A:\HUST_on_GitHub\ProjectCV\dataset\GoPro\restored\GOPR0868_11_00_000031.png
test,GOPR0868_11_00_000030.png,A:\HUST_on_GitHub\ProjectCV\dataset\GoPro\input\GOPR0868_11_00_000030.png,A:\HUST_on_GitHub\ProjectCV\dataset\GoPro\restored\GOPR0868_11_00_000030.png
test,GOPR0396_11_00_000029.png,A:\HUST_on_GitHub\ProjectCV\dataset\GoPro\input\GOPR0396_11_00_000029.png,A:\HUST_on_GitHub\ProjectCV\dataset\GoPro\restored\GOPR0396_11_00_000029.png
test,GOPR0854_11_00_000058.png,A:\HUST_on_GitHub\ProjectCV\dataset\GoPro\input\GOPR0854_11_00_000058.png,A:\HUST_on_GitHub\ProjectCV\dataset\GoPro\restored\GOPR0854_11_00_000058.png
test,GOPR0396_11_00_000067.png,A:\HUST_on_GitHub\ProjectCV\dataset\GoPro\input\GOPR0396_11_00_000067.png,A:\HUST_on_GitHub\ProjectCV\dataset\GoPro\restored\GOPR0396_11_00_000067.png
test,GOPR0854_11_00_000087.png,A:\HUST_on_GitHub\ProjectCV\dataset\GoPro\input\GOPR0854_11_00_000087.png,A:\HUST_on_GitHub\ProjectCV\dataset\GoPro\restored\GOPR0854_11_00_000087.png
test,GOPR0384_11_05_004093.png,A:\HUST_on_GitHub\ProjectCV\dataset\GoPro\input\GOPR0384_11_05_004093.png,A:\HUST_on_GitHub\ProjectCV\dataset\GoPro\restored\GOPR0384_11_05_004093.png
test,GOPR0868_11_00_000038.png,A:\HUST_on_GitHub\ProjectCV\dataset\GoPro\input\GOPR0868_11_00_000038.png,A:\HUST_on_GitHub\ProjectCV\dataset\GoPro\restored\GOPR0868_11_00_000038.png
test,GOPR0410_11_00_000208.png,A:\HUST_on_GitHub\ProjectCV\dataset\GoPro\input\GOPR0410_11_00_000208.png,A:\HUST_on_GitHub\ProjectCV\dataset\GoPro\restored\GOPR0410_11_00_000208.png
test,GOPR0854_11_00_000027.png,A:\HUST_on_GitHub\ProjectCV\dataset\GoPro\input\GOPR0854_11_00_000027.png,A:\HUST_on_GitHub\ProjectCV\dataset\GoPro\restored\GOPR0854_11_00_000027.png
test,GOPR0869_11_00_000074.png,A:\HUST_on_GitHub\ProjectCV\dataset\GoPro\input\GOPR0869_11_00_000074.png,A:\HUST_on_GitHub\ProjectCV\dataset\GoPro\restored\GOPR0869_11_00_000074.png
test,GOPR0384_11_05_004090.png,A:\HUST_on_GitHub\ProjectCV\dataset\GoPro\input\GOPR0384_11_05_004090.png,A:\HUST_on_GitHub\ProjectCV\dataset\GoPro\restored\GOPR0384_11_05_004090.png
test,GOPR0410_11_00_000110.png,A:\HUST_on_GitHub\ProjectCV\dataset\GoPro\input\GOPR0410_11_00_000110.png,A:\HUST_on_GitHub\ProjectCV\dataset\GoPro\restored\GOPR0410_11_00_000110.png
test,GOPR0410_11_00_000140.png,A:\HUST_on_GitHub\ProjectCV\dataset\GoPro\input\GOPR0410_11_00_000140.png,A:\HUST_on_GitHub\ProjectCV\dataset\GoPro\restored\GOPR0410_11_00_000140.png
test,GOPR0869_11_00_000090.png,A:\HUST_on_GitHub\ProjectCV\dataset\GoPro\input\GOPR0869_11_00_000090.png,A:\HUST_on_GitHub\ProjectCV\dataset\GoPro\restored\GOPR0869_11_00_000090.png
test,GOPR0384_11_00_000001.png,A:\HUST_on_GitHub\ProjectCV\dataset\GoPro\input\GOPR0384_11_00_000001.png,A:\HUST_on_GitHub\ProjectCV\dataset\GoPro\restored\GOPR0384_11_00_000001.png
test,GOPR0384_11_05_004082.png,A:\HUST_on_GitHub\ProjectCV\dataset\GoPro\input\GOPR0384_11_05_004082.png,A:\HUST_on_GitHub\ProjectCV\dataset\GoPro\restored\GOPR0384_11_05_004082.png
test,GOPR0868_11_00_000002.png,A:\HUST_on_GitHub\ProjectCV\dataset\GoPro\input\GOPR0868_11_00_000002.png,A:\HUST_on_GitHub\ProjectCV\dataset\GoPro\restored\GOPR0868_11_00_000002.png
test,GOPR0862_11_00_000074.png,A:\HUST_on_GitHub\ProjectCV\dataset\GoPro\input\GOPR0862_11_00_000074.png,A:\HUST_on_GitHub\ProjectCV\dataset\GoPro\restored\GOPR0862_11_00_000074.png
test,GOPR0410_11_00_000115.png,A:\HUST_on_GitHub\ProjectCV\dataset\GoPro\input\GOPR0410_11_00_000115.png,A:\HUST_on_GitHub\ProjectCV\dataset\GoPro\restored\GOPR0410_11_00_000115.png
test,GOPR0869_11_00_000075.png,A:\HUST_on_GitHub\ProjectCV\dataset\GoPro\input\GOPR0869_11_00_000075.png,A:\HUST_on_GitHub\ProjectCV\dataset\GoPro\restored\GOPR0869_11_00_000075.png
test,GOPR0868_11_00_000036.png,A:\HUST_on_GitHub\ProjectCV\dataset\GoPro\input\GOPR0868_11_00_000036.png,A:\HUST_on_GitHub\ProjectCV\dataset\GoPro\restored\GOPR0868_11_00_000036.png
test,GOPR0871_11_00_000088.png,A:\HUST_on_GitHub\ProjectCV\dataset\GoPro\input\GOPR0871_11_00_000088.png,A:\HUST_on_GitHub\ProjectCV\dataset\GoPro\restored\GOPR0871_11_00_000088.png
test,GOPR0869_11_00_000049.png,A:\HUST_on_GitHub\ProjectCV\dataset\GoPro\input\GOPR0869_11_00_000049.png,A:\HUST_on_GitHub\ProjectCV\dataset\GoPro\restored\GOPR0869_11_00_000049.png
test,GOPR0862_11_00_000036.png,A:\HUST_on_GitHub\ProjectCV\dataset\GoPro\input\GOPR0862_11_00_000036.png,A:\HUST_on_GitHub\ProjectCV\dataset\GoPro\restored\GOPR0862_11_00_000036.png
test,GOPR0862_11_00_000073.png,A:\HUST_on_GitHub\ProjectCV\dataset\GoPro\input\GOPR0862_11_00_000073.png,A:\HUST_on_GitHub\ProjectCV\dataset\GoPro\restored\GOPR0862_11_00_000073.png
test,GOPR0384_11_05_004041.png,A:\HUST_on_GitHub\ProjectCV\dataset\GoPro\input\GOPR0384_11_05_004041.png,A:\HUST_on_GitHub\ProjectCV\dataset\GoPro\restored\GOPR0384_11_05_004041.png
test,GOPR0868_11_00_000021.png,A:\HUST_on_GitHub\ProjectCV\dataset\GoPro\input\GOPR0868_11_00_000021.png,A:\HUST_on_GitHub\ProjectCV\dataset\GoPro\restored\GOPR0868_11_00_000021.png
test,GOPR0410_11_00_000206.png,A:\HUST_on_GitHub\ProjectCV\dataset\GoPro\input\GOPR0410_11_00_000206.png,A:\HUST_on_GitHub\ProjectCV\dataset\GoPro\restored\GOPR0410_11_00_000206.png
test,GOPR0396_11_00_000100.png,A:\HUST_on_GitHub\ProjectCV\dataset\GoPro\input\GOPR0396_11_00_000100.png,A:\HUST_on_GitHub\ProjectCV\dataset\GoPro\restored\GOPR0396_11_00_000100.png
test,GOPR0868_11_00_000072.png,A:\HUST_on_GitHub\ProjectCV\dataset\GoPro\input\GOPR0868_11_00_000072.png,A:\HUST_on_GitHub\ProjectCV\dataset\GoPro\restored\GOPR0868_11_00_000072.png
test,GOPR0396_11_00_000069.png,A:\HUST_on_GitHub\ProjectCV\dataset\GoPro\input\GOPR0396_11_00_000069.png,A:\HUST_on_GitHub\ProjectCV\dataset\GoPro\restored\GOPR0396_11_00_000069.png
test,GOPR0854_11_00_000076.png,A:\HUST_on_GitHub\ProjectCV\dataset\GoPro\input\GOPR0854_11_00_000076.png,A:\HUST_on_GitHub\ProjectCV\dataset\GoPro\restored\GOPR0854_11_00_000076.png
test,GOPR0854_11_00_000008.png,A:\HUST_on_GitHub\ProjectCV\dataset\GoPro\input\GOPR0854_11_00_000008.png,A:\HUST_on_GitHub\ProjectCV\dataset\GoPro\restored\GOPR0854_11_00_000008.png
test,GOPR0869_11_00_000070.png,A:\HUST_on_GitHub\ProjectCV\dataset\GoPro\input\GOPR0869_11_00_000070.png,A:\HUST_on_GitHub\ProjectCV\dataset\GoPro\restored\GOPR0869_11_00_000070.png
test,GOPR0384_11_05_004075.png,A:\HUST_on_GitHub\ProjectCV\dataset\GoPro\input\GOPR0384_11_05_004075.png,A:\HUST_on_GitHub\ProjectCV\dataset\GoPro\restored\GOPR0384_11_05_004075.png
test,GOPR0881_11_01_000274.png,A:\HUST_on_GitHub\ProjectCV\dataset\GoPro\input\GOPR0881_11_01_000274.png,A:\HUST_on_GitHub\ProjectCV\dataset\GoPro\restored\GOPR0881_11_01_000274.png
test,GOPR0862_11_00_000041.png,A:\HUST_on_GitHub\ProjectCV\dataset\GoPro\input\GOPR0862_11_00_000041.png,A:\HUST_on_GitHub\ProjectCV\dataset\GoPro\restored\GOPR0862_11_00_000041.png
test,GOPR0868_11_00_000098.png,A:\HUST_on_GitHub\ProjectCV\dataset\GoPro\input\GOPR0868_11_00_000098.png,A:\HUST_on_GitHub\ProjectCV\dataset\GoPro\restored\GOPR0868_11_00_000098.png
test,GOPR0410_11_00_000194.png,A:\HUST_on_GitHub\ProjectCV\dataset\GoPro\input\GOPR0410_11_00_000194.png,A:\HUST_on_GitHub\ProjectCV\dataset\GoPro\restored\GOPR0410_11_00_000194.png
test,GOPR0396_11_00_000093.png,A:\HUST_on_GitHub\ProjectCV\dataset\GoPro\input\GOPR0396_11_00_000093.png,A:\HUST_on_GitHub\ProjectCV\dataset\GoPro\restored\GOPR0396_11_00_000093.png
test,GOPR0410_11_00_000108.png,A:\HUST_on_GitHub\ProjectCV\dataset\GoPro\input\GOPR0410_11_00_000108.png,A:\HUST_on_GitHub\ProjectCV\dataset\GoPro\restored\GOPR0410_11_00_000108.png
test,GOPR0384_11_05_004017.png,A:\HUST_on_GitHub\ProjectCV\dataset\GoPro\input\GOPR0384_11_05_004017.png,A:\HUST_on_GitHub\ProjectCV\dataset\GoPro\restored\GOPR0384_11_05_004017.png
test,GOPR0868_11_00_000083.png,A:\HUST_on_GitHub\ProjectCV\dataset\GoPro\input\GOPR0868_11_00_000083.png,A:\HUST_on_GitHub\ProjectCV\dataset\GoPro\restored\GOPR0868_11_00_000083.png
test,GOPR0881_11_01_000297.png,A:\HUST_on_GitHub\ProjectCV\dataset\GoPro\input\GOPR0881_11_01_000297.png,A:\HUST_on_GitHub\ProjectCV\dataset\GoPro\restored\GOPR0881_11_01_000297.png
test,GOPR0862_11_00_000021.png,A:\HUST_on_GitHub\ProjectCV\dataset\GoPro\input\GOPR0862_11_00_000021.png,A:\HUST_on_GitHub\ProjectCV\dataset\GoPro\restored\GOPR0862_11_00_000021.png
test,GOPR0881_11_01_000248.png,A:\HUST_on_GitHub\ProjectCV\dataset\GoPro\input\GOPR0881_11_01_000248.png,A:\HUST_on_GitHub\ProjectCV\dataset\GoPro\restored\GOPR0881_11_01_000248.png
test,GOPR0871_11_00_000045.png,A:\HUST_on_GitHub\ProjectCV\dataset\GoPro\input\GOPR0871_11_00_000045.png,A:\HUST_on_GitHub\ProjectCV\dataset\GoPro\restored\GOPR0871_11_00_000045.png
test,GOPR0868_11_00_000054.png,A:\HUST_on_GitHub\ProjectCV\dataset\GoPro\input\GOPR0868_11_00_000054.png,A:\HUST_on_GitHub\ProjectCV\dataset\GoPro\restored\GOPR0868_11_00_000054.png
test,GOPR0384_11_05_004033.png,A:\HUST_on_GitHub\ProjectCV\dataset\GoPro\input\GOPR0384_11_05_004033.png,A:\HUST_on_GitHub\ProjectCV\dataset\GoPro\restored\GOPR0384_11_05_004033.png
test,GOPR0868_11_00_000034.png,A:\HUST_on_GitHub\ProjectCV\dataset\GoPro\input\GOPR0868_11_00_000034.png,A:\HUST_on_GitHub\ProjectCV\dataset\GoPro\restored\GOPR0868_11_00_000034.png
test,GOPR0862_11_00_000019.png,A:\HUST_on_GitHub\ProjectCV\dataset\GoPro\input\GOPR0862_11_00_000019.png,A:\HUST_on_GitHub\ProjectCV\dataset\GoPro\restored\GOPR0862_11_00_000019.png
test,GOPR0384_11_05_004061.png,A:\HUST_on_GitHub\ProjectCV\dataset\GoPro\input\GOPR0384_11_05_004061.png,A:\HUST_on_GitHub\ProjectCV\dataset\GoPro\restored\GOPR0384_11_05_004061.png
test,GOPR0871_11_00_000100.png,A:\HUST_on_GitHub\ProjectCV\dataset\GoPro\input\GOPR0871_11_00_000100.png,A:\HUST_on_GitHub\ProjectCV\dataset\GoPro\restored\GOPR0871_11_00_000100.png
test,GOPR0881_11_01_000283.png,A:\HUST_on_GitHub\ProjectCV\dataset\GoPro\input\GOPR0881_11_01_000283.png,A:\HUST_on_GitHub\ProjectCV\dataset\GoPro\restored\GOPR0881_11_01_000283.png
test,GOPR0862_11_00_000028.png,A:\HUST_on_GitHub\ProjectCV\dataset\GoPro\input\GOPR0862_11_00_000028.png,A:\HUST_on_GitHub\ProjectCV\dataset\GoPro\restored\GOPR0862_11_00_000028.png
test,GOPR0881_11_01_000259.png,A:\HUST_on_GitHub\ProjectCV\dataset\GoPro\input\GOPR0881_11_01_000259.png,A:\HUST_on_GitHub\ProjectCV\dataset\GoPro\restored\GOPR0881_11_01_000259.png
test,GOPR0871_11_00_000005.png,A:\HUST_on_GitHub\ProjectCV\dataset\GoPro\input\GOPR0871_11_00_000005.png,A:\HUST_on_GitHub\ProjectCV\dataset\GoPro\restored\GOPR0871_11_00_000005.png
test,GOPR0868_11_00_000075.png,A:\HUST_on_GitHub\ProjectCV\dataset\GoPro\input\GOPR0868_11_00_000075.png,A:\HUST_on_GitHub\ProjectCV\dataset\GoPro\restored\GOPR0868_11_00_000075.png
test,GOPR0410_11_00_000131.png,A:\HUST_on_GitHub\ProjectCV\dataset\GoPro\input\GOPR0410_11_00_000131.png,A:\HUST_on_GitHub\ProjectCV\dataset\GoPro\restored\GOPR0410_11_00_000131.png
test,GOPR0384_11_00_000023.png,A:\HUST_on_GitHub\ProjectCV\dataset\GoPro\input\GOPR0384_11_00_000023.png,A:\HUST_on_GitHub\ProjectCV\dataset\GoPro\restored\GOPR0384_11_00_000023.png
test,GOPR0385_11_01_003063.png,A:\HUST_on_GitHub\ProjectCV\dataset\GoPro\input\GOPR0385_11_01_003063.png,A:\HUST_on_GitHub\ProjectCV\dataset\GoPro\restored\GOPR0385_11_01_003063.png
test,GOPR0410_11_00_000212.png,A:\HUST_on_GitHub\ProjectCV\dataset\GoPro\input\GOPR0410_11_00_000212.png,A:\HUST_on_GitHub\ProjectCV\dataset\GoPro\restored\GOPR0410_11_00_000212.png
test,GOPR0871_11_00_000050.png,A:\HUST_on_GitHub\ProjectCV\dataset\GoPro\input\GOPR0871_11_00_000050.png,A:\HUST_on_GitHub\ProjectCV\dataset\GoPro\restored\GOPR0871_11_00_000050.png
test,GOPR0869_11_00_000088.png,A:\HUST_on_GitHub\ProjectCV\dataset\GoPro\input\GOPR0869_11_00_000088.png,A:\HUST_on_GitHub\ProjectCV\dataset\GoPro\restored\GOPR0869_11_00_000088.png
test,GOPR0384_11_05_004081.png,A:\HUST_on_GitHub\ProjectCV\dataset\GoPro\input\GOPR0384_11_05_004081.png,A:\HUST_on_GitHub\ProjectCV\dataset\GoPro\restored\GOPR0384_11_05_004081.png
test,GOPR0384_11_05_004006.png,A:\HUST_on_GitHub\ProjectCV\dataset\GoPro\input\GOPR0384_11_05_004006.png,A:\HUST_on_GitHub\ProjectCV\dataset\GoPro\restored\GOPR0384_11_05_004006.png
test,GOPR0396_11_00_000095.png,A:\HUST_on_GitHub\ProjectCV\dataset\GoPro\input\GOPR0396_11_00_000095.png,A:\HUST_on_GitHub\ProjectCV\dataset\GoPro\restored\GOPR0396_11_00_000095.png
test,GOPR0871_11_00_000043.png,A:\HUST_on_GitHub\ProjectCV\dataset\GoPro\input\GOPR0871_11_00_000043.png,A:\HUST_on_GitHub\ProjectCV\dataset\GoPro\restored\GOPR0871_11_00_000043.png
test,GOPR0862_11_00_000012.png,A:\HUST_on_GitHub\ProjectCV\dataset\GoPro\input\GOPR0862_11_00_000012.png,A:\HUST_on_GitHub\ProjectCV\dataset\GoPro\restored\GOPR0862_11_00_000012.png
test,GOPR0854_11_00_000066.png,A:\HUST_on_GitHub\ProjectCV\dataset\GoPro\input\GOPR0854_11_00_000066.png,A:\HUST_on_GitHub\ProjectCV\dataset\GoPro\restored\GOPR0854_11_00_000066.png
test,GOPR0384_11_05_004011.png,A:\HUST_on_GitHub\ProjectCV\dataset\GoPro\input\GOPR0384_11_05_004011.png,A:\HUST_on_GitHub\ProjectCV\dataset\GoPro\restored\GOPR0384_11_05_004011.png
test,GOPR0384_11_00_000075.png,A:\HUST_on_GitHub\ProjectCV\dataset\GoPro\input\GOPR0384_11_00_000075.png,A:\HUST_on_GitHub\ProjectCV\dataset\GoPro\restored\GOPR0384_11_00_000075.png
test,GOPR0384_11_00_000061.png,A:\HUST_on_GitHub\ProjectCV\dataset\GoPro\input\GOPR0384_11_00_000061.png,A:\HUST_on_GitHub\ProjectCV\dataset\GoPro\restored\GOPR0384_11_00_000061.png
test,GOPR0396_11_00_000047.png,A:\HUST_on_GitHub\ProjectCV\dataset\GoPro\input\GOPR0396_11_00_000047.png,A:\HUST_on_GitHub\ProjectCV\dataset\GoPro\restored\GOPR0396_11_00_000047.png
test,GOPR0854_11_00_000096.png,A:\HUST_on_GitHub\ProjectCV\dataset\GoPro\input\GOPR0854_11_00_000096.png,A:\HUST_on_GitHub\ProjectCV\dataset\GoPro\restored\GOPR0854_11_00_000096.png
test,GOPR0384_11_00_000002.png,A:\HUST_on_GitHub\ProjectCV\dataset\GoPro\input\GOPR0384_11_00_000002.png,A:\HUST_on_GitHub\ProjectCV\dataset\GoPro\restored\GOPR0384_11_00_000002.png
test,GOPR0871_11_00_000018.png,A:\HUST_on_GitHub\ProjectCV\dataset\GoPro\input\GOPR0871_11_00_000018.png,A:\HUST_on_GitHub\ProjectCV\dataset\GoPro\restored\GOPR0871_11_00_000018.png
test,GOPR0384_11_00_000073.png,A:\HUST_on_GitHub\ProjectCV\dataset\GoPro\input\GOPR0384_11_00_000073.png,A:\HUST_on_GitHub\ProjectCV\dataset\GoPro\restored\GOPR0384_11_00_000073.png
test,GOPR0385_11_01_003098.png,A:\HUST_on_GitHub\ProjectCV\dataset\GoPro\input\GOPR0385_11_01_003098.png,A:\HUST_on_GitHub\ProjectCV\dataset\GoPro\restored\GOPR0385_11_01_003098.png
test,GOPR0862_11_00_000010.png,A:\HUST_on_GitHub\ProjectCV\dataset\GoPro\input\GOPR0862_11_00_000010.png,A:\HUST_on_GitHub\ProjectCV\dataset\GoPro\restored\GOPR0862_11_00_000010.png
test,GOPR0385_11_01_003053.png,A:\HUST_on_GitHub\ProjectCV\dataset\GoPro\input\GOPR0385_11_01_003053.png,A:\HUST_on_GitHub\ProjectCV\dataset\GoPro\restored\GOPR0385_11_01_003053.png
test,GOPR0854_11_00_000060.png,A:\HUST_on_GitHub\ProjectCV\dataset\GoPro\input\GOPR0854_11_00_000060.png,A:\HUST_on_GitHub\ProjectCV\dataset\GoPro\restored\GOPR0854_11_00_000060.png
test,GOPR0384_11_05_004076.png,A:\HUST_on_GitHub\ProjectCV\dataset\GoPro\input\GOPR0384_11_05_004076.png,A:\HUST_on_GitHub\ProjectCV\dataset\GoPro\restored\GOPR0384_11_05_004076.png
test,GOPR0396_11_00_000070.png,A:\HUST_on_GitHub\ProjectCV\dataset\GoPro\input\GOPR0396_11_00_000070.png,A:\HUST_on_GitHub\ProjectCV\dataset\GoPro\restored\GOPR0396_11_00_000070.png
test,GOPR0862_11_00_000051.png,A:\HUST_on_GitHub\ProjectCV\dataset\GoPro\input\GOPR0862_11_00_000051.png,A:\HUST_on_GitHub\ProjectCV\dataset\GoPro\restored\GOPR0862_11_00_000051.png
test,GOPR0396_11_00_000045.png,A:\HUST_on_GitHub\ProjectCV\dataset\GoPro\input\GOPR0396_11_00_000045.png,A:\HUST_on_GitHub\ProjectCV\dataset\GoPro\restored\GOPR0396_11_00_000045.png
test,GOPR0881_11_01_000219.png,A:\HUST_on_GitHub\ProjectCV\dataset\GoPro\input\GOPR0881_11_01_000219.png,A:\HUST_on_GitHub\ProjectCV\dataset\GoPro\restored\GOPR0881_11_01_000219.png
test,GOPR0869_11_00_000063.png,A:\HUST_on_GitHub\ProjectCV\dataset\GoPro\input\GOPR0869_11_00_000063.png,A:\HUST_on_GitHub\ProjectCV\dataset\GoPro\restored\GOPR0869_11_00_000063.png
test,GOPR0862_11_00_000002.png,A:\HUST_on_GitHub\ProjectCV\dataset\GoPro\input\GOPR0862_11_00_000002.png,A:\HUST_on_GitHub\ProjectCV\dataset\GoPro\restored\GOPR0862_11_00_000002.png
test,GOPR0384_11_05_004073.png,A:\HUST_on_GitHub\ProjectCV\dataset\GoPro\input\GOPR0384_11_05_004073.png,A:\HUST_on_GitHub\ProjectCV\dataset\GoPro\restored\GOPR0384_11_05_004073.png
test,GOPR0384_11_05_004020.png,A:\HUST_on_GitHub\ProjectCV\dataset\GoPro\input\GOPR0384_11_05_004020.png,A:\HUST_on_GitHub\ProjectCV\dataset\GoPro\restored\GOPR0384_11_05_004020.png
test,GOPR0868_11_00_000019.png,A:\HUST_on_GitHub\ProjectCV\dataset\GoPro\input\GOPR0868_11_00_000019.png,A:\HUST_on_GitHub\ProjectCV\dataset\GoPro\restored\GOPR0868_11_00_000019.png
test,GOPR0869_11_00_000059.png,A:\HUST_on_GitHub\ProjectCV\dataset\GoPro\input\GOPR0869_11_00_000059.png,A:\HUST_on_GitHub\ProjectCV\dataset\GoPro\restored\GOPR0869_11_00_000059.png
test,GOPR0869_11_00_000057.png,A:\HUST_on_GitHub\ProjectCV\dataset\GoPro\input\GOPR0869_11_00_000057.png,A:\HUST_on_GitHub\ProjectCV\dataset\GoPro\restored\GOPR0869_11_00_000057.png
test,GOPR0881_11_01_000285.png,A:\HUST_on_GitHub\ProjectCV\dataset\GoPro\input\GOPR0881_11_01_000285.png,A:\HUST_on_GitHub\ProjectCV\dataset\GoPro\restored\GOPR0881_11_01_000285.png
test,GOPR0881_11_01_000247.png,A:\HUST_on_GitHub\ProjectCV\dataset\GoPro\input\GOPR0881_11_01_000247.png,A:\HUST_on_GitHub\ProjectCV\dataset\GoPro\restored\GOPR0881_11_01_000247.png
test,GOPR0871_11_00_000066.png,A:\HUST_on_GitHub\ProjectCV\dataset\GoPro\input\GOPR0871_11_00_000066.png,A:\HUST_on_GitHub\ProjectCV\dataset\GoPro\restored\GOPR0871_11_00_000066.png
test,GOPR0868_11_00_000063.png,A:\HUST_on_GitHub\ProjectCV\dataset\GoPro\input\GOPR0868_11_00_000063.png,A:\HUST_on_GitHub\ProjectCV\dataset\GoPro\restored\GOPR0868_11_00_000063.png
test,GOPR0384_11_05_004036.png,A:\HUST_on_GitHub\ProjectCV\dataset\GoPro\input\GOPR0384_11_05_004036.png,A:\HUST_on_GitHub\ProjectCV\dataset\GoPro\restored\GOPR0384_11_05_004036.png
test,GOPR0854_11_00_000034.png,A:\HUST_on_GitHub\ProjectCV\dataset\GoPro\input\GOPR0854_11_00_000034.png,A:\HUST_on_GitHub\ProjectCV\dataset\GoPro\restored\GOPR0854_11_00_000034.png
test,GOPR0384_11_00_000091.png,A:\HUST_on_GitHub\ProjectCV\dataset\GoPro\input\GOPR0384_11_00_000091.png,A:\HUST_on_GitHub\ProjectCV\dataset\GoPro\restored\GOPR0384_11_00_000091.png
test,GOPR0854_11_00_000032.png,A:\HUST_on_GitHub\ProjectCV\dataset\GoPro\input\GOPR0854_11_00_000032.png,A:\HUST_on_GitHub\ProjectCV\dataset\GoPro\restored\GOPR0854_11_00_000032.png
test,GOPR0869_11_00_000029.png,A:\HUST_on_GitHub\ProjectCV\dataset\GoPro\input\GOPR0869_11_00_000029.png,A:\HUST_on_GitHub\ProjectCV\dataset\GoPro\restored\GOPR0869_11_00_000029.png
test,GOPR0869_11_00_000007.png,A:\HUST_on_GitHub\ProjectCV\dataset\GoPro\input\GOPR0869_11_00_000007.png,A:\HUST_on_GitHub\ProjectCV\dataset\GoPro\restored\GOPR0869_11_00_000007.png
test,GOPR0854_11_00_000037.png,A:\HUST_on_GitHub\ProjectCV\dataset\GoPro\input\GOPR0854_11_00_000037.png,A:\HUST_on_GitHub\ProjectCV\dataset\GoPro\restored\GOPR0854_11_00_000037.png
test,GOPR0396_11_00_000068.png,A:\HUST_on_GitHub\ProjectCV\dataset\GoPro\input\GOPR0396_11_00_000068.png,A:\HUST_on_GitHub\ProjectCV\dataset\GoPro\restored\GOPR0396_11_00_000068.png
test,GOPR0396_11_00_000060.png,A:\HUST_on_GitHub\ProjectCV\dataset\GoPro\input\GOPR0396_11_00_000060.png,A:\HUST_on_GitHub\ProjectCV\dataset\GoPro\restored\GOPR0396_11_00_000060.png
test,GOPR0868_11_00_000093.png,A:\HUST_on_GitHub\ProjectCV\dataset\GoPro\input\GOPR0868_11_00_000093.png,A:\HUST_on_GitHub\ProjectCV\dataset\GoPro\restored\GOPR0868_11_00_000093.png
test,GOPR0385_11_01_003017.png,A:\HUST_on_GitHub\ProjectCV\dataset\GoPro\input\GOPR0385_11_01_003017.png,A:\HUST_on_GitHub\ProjectCV\dataset\GoPro\restored\GOPR0385_11_01_003017.png
test,GOPR0881_11_01_000227.png,A:\HUST_on_GitHub\ProjectCV\dataset\GoPro\input\GOPR0881_11_01_000227.png,A:\HUST_on_GitHub\ProjectCV\dataset\GoPro\restored\GOPR0881_11_01_000227.png
test,GOPR0871_11_00_000093.png,A:\HUST_on_GitHub\ProjectCV\dataset\GoPro\input\GOPR0871_11_00_000093.png,A:\HUST_on_GitHub\ProjectCV\dataset\GoPro\restored\GOPR0871_11_00_000093.png
test,GOPR0871_11_00_000052.png,A:\HUST_on_GitHub\ProjectCV\dataset\GoPro\input\GOPR0871_11_00_000052.png,A:\HUST_on_GitHub\ProjectCV\dataset\GoPro\restored\GOPR0871_11_00_000052.png
test,GOPR0410_11_00_000163.png,A:\HUST_on_GitHub\ProjectCV\dataset\GoPro\input\GOPR0410_11_00_000163.png,A:\HUST_on_GitHub\ProjectCV\dataset\GoPro\restored\GOPR0410_11_00_000163.png
test,GOPR0854_11_00_000081.png,A:\HUST_on_GitHub\ProjectCV\dataset\GoPro\input\GOPR0854_11_00_000081.png,A:\HUST_on_GitHub\ProjectCV\dataset\GoPro\restored\GOPR0854_11_00_000081.png
test,GOPR0854_11_00_000053.png,A:\HUST_on_GitHub\ProjectCV\dataset\GoPro\input\GOPR0854_11_00_000053.png,A:\HUST_on_GitHub\ProjectCV\dataset\GoPro\restored\GOPR0854_11_00_000053.png
test,GOPR0862_11_00_000077.png,A:\HUST_on_GitHub\ProjectCV\dataset\GoPro\input\GOPR0862_11_00_000077.png,A:\HUST_on_GitHub\ProjectCV\dataset\GoPro\restored\GOPR0862_11_00_000077.png
test,GOPR0871_11_00_000059.png,A:\HUST_on_GitHub\ProjectCV\dataset\GoPro\input\GOPR0871_11_00_000059.png,A:\HUST_on_GitHub\ProjectCV\dataset\GoPro\restored\GOPR0871_11_00_000059.png
test,GOPR0396_11_00_000016.png,A:\HUST_on_GitHub\ProjectCV\dataset\GoPro\input\GOPR0396_11_00_000016.png,A:\HUST_on_GitHub\ProjectCV\dataset\GoPro\restored\GOPR0396_11_00_000016.png
test,GOPR0384_11_00_000021.png,A:\HUST_on_GitHub\ProjectCV\dataset\GoPro\input\GOPR0384_11_00_000021.png,A:\HUST_on_GitHub\ProjectCV\dataset\GoPro\restored\GOPR0384_11_00_000021.png
test,GOPR0862_11_00_000023.png,A:\HUST_on_GitHub\ProjectCV\dataset\GoPro\input\GOPR0862_11_00_000023.png,A:\HUST_on_GitHub\ProjectCV\dataset\GoPro\restored\GOPR0862_11_00_000023.png
test,GOPR0384_11_00_000060.png,A:\HUST_on_GitHub\ProjectCV\dataset\GoPro\input\GOPR0384_11_00_000060.png,A:\HUST_on_GitHub\ProjectCV\dataset\GoPro\restored\GOPR0384_11_00_000060.png
test,GOPR0854_11_00_000078.png,A:\HUST_on_GitHub\ProjectCV\dataset\GoPro\input\GOPR0854_11_00_000078.png,A:\HUST_on_GitHub\ProjectCV\dataset\GoPro\restored\GOPR0854_11_00_000078.png
test,GOPR0410_11_00_000187.png,A:\HUST_on_GitHub\ProjectCV\dataset\GoPro\input\GOPR0410_11_00_000187.png,A:\HUST_on_GitHub\ProjectCV\dataset\GoPro\restored\GOPR0410_11_00_000187.png
test,GOPR0384_11_05_004013.png,A:\HUST_on_GitHub\ProjectCV\dataset\GoPro\input\GOPR0384_11_05_004013.png,A:\HUST_on_GitHub\ProjectCV\dataset\GoPro\restored\GOPR0384_11_05_004013.png
test,GOPR0854_11_00_000048.png,A:\HUST_on_GitHub\ProjectCV\dataset\GoPro\input\GOPR0854_11_00_000048.png,A:\HUST_on_GitHub\ProjectCV\dataset\GoPro\restored\GOPR0854_11_00_000048.png
test,GOPR0869_11_00_000095.png,A:\HUST_on_GitHub\ProjectCV\dataset\GoPro\input\GOPR0869_11_00_000095.png,A:\HUST_on_GitHub\ProjectCV\dataset\GoPro\restored\GOPR0869_11_00_000095.png
test,GOPR0854_11_00_000017.png,A:\HUST_on_GitHub\ProjectCV\dataset\GoPro\input\GOPR0854_11_00_000017.png,A:\HUST_on_GitHub\ProjectCV\dataset\GoPro\restored\GOPR0854_11_00_000017.png
test,GOPR0871_11_00_000094.png,A:\HUST_on_GitHub\ProjectCV\dataset\GoPro\input\GOPR0871_11_00_000094.png,A:\HUST_on_GitHub\ProjectCV\dataset\GoPro\restored\GOPR0871_11_00_000094.png
test,GOPR0869_11_00_000069.png,A:\HUST_on_GitHub\ProjectCV\dataset\GoPro\input\GOPR0869_11_00_000069.png,A:\HUST_on_GitHub\ProjectCV\dataset\GoPro\restored\GOPR0869_11_00_000069.png
test,GOPR0881_11_01_000208.png,A:\HUST_on_GitHub\ProjectCV\dataset\GoPro\input\GOPR0881_11_01_000208.png,A:\HUST_on_GitHub\ProjectCV\dataset\GoPro\restored\GOPR0881_11_01_000208.png
test,GOPR0868_11_00_000014.png,A:\HUST_on_GitHub\ProjectCV\dataset\GoPro\input\GOPR0868_11_00_000014.png,A:\HUST_on_GitHub\ProjectCV\dataset\GoPro\restored\GOPR0868_11_00_000014.png
test,GOPR0871_11_00_000078.png,A:\HUST_on_GitHub\ProjectCV\dataset\GoPro\input\GOPR0871_11_00_000078.png,A:\HUST_on_GitHub\ProjectCV\dataset\GoPro\restored\GOPR0871_11_00_000078.png
test,GOPR0385_11_01_003029.png,A:\HUST_on_GitHub\ProjectCV\dataset\GoPro\input\GOPR0385_11_01_003029.png,A:\HUST_on_GitHub\ProjectCV\dataset\GoPro\restored\GOPR0385_11_01_003029.png
test,GOPR0396_11_00_000050.png,A:\HUST_on_GitHub\ProjectCV\dataset\GoPro\input\GOPR0396_11_00_000050.png,A:\HUST_on_GitHub\ProjectCV\dataset\GoPro\restored\GOPR0396_11_00_000050.png
test,GOPR0869_11_00_000093.png,A:\HUST_on_GitHub\ProjectCV\dataset\GoPro\input\GOPR0869_11_00_000093.png,A:\HUST_on_GitHub\ProjectCV\dataset\GoPro\restored\GOPR0869_11_00_000093.png
test,GOPR0410_11_00_000179.png,A:\HUST_on_GitHub\ProjectCV\dataset\GoPro\input\GOPR0410_11_00_000179.png,A:\HUST_on_GitHub\ProjectCV\dataset\GoPro\restored\GOPR0410_11_00_000179.png
test,GOPR0862_11_00_000033.png,A:\HUST_on_GitHub\ProjectCV\dataset\GoPro\input\GOPR0862_11_00_000033.png,A:\HUST_on_GitHub\ProjectCV\dataset\GoPro\restored\GOPR0862_11_00_000033.png
test,GOPR0869_11_00_000078.png,A:\HUST_on_GitHub\ProjectCV\dataset\GoPro\input\GOPR0869_11_00_000078.png,A:\HUST_on_GitHub\ProjectCV\dataset\GoPro\restored\GOPR0869_11_00_000078.png
test,GOPR0384_11_05_004008.png,A:\HUST_on_GitHub\ProjectCV\dataset\GoPro\input\GOPR0384_11_05_004008.png,A:\HUST_on_GitHub\ProjectCV\dataset\GoPro\restored\GOPR0384_11_05_004008.png
test,GOPR0862_11_00_000060.png,A:\HUST_on_GitHub\ProjectCV\dataset\GoPro\input\GOPR0862_11_00_000060.png,A:\HUST_on_GitHub\ProjectCV\dataset\GoPro\restored\GOPR0862_11_00_000060.png
test,GOPR0385_11_01_003094.png,A:\HUST_on_GitHub\ProjectCV\dataset\GoPro\input\GOPR0385_11_01_003094.png,A:\HUST_on_GitHub\ProjectCV\dataset\GoPro\restored\GOPR0385_11_01_003094.png
test,GOPR0862_11_00_000055.png,A:\HUST_on_GitHub\ProjectCV\dataset\GoPro\input\GOPR0862_11_00_000055.png,A:\HUST_on_GitHub\ProjectCV\dataset\GoPro\restored\GOPR0862_11_00_000055.png
test,GOPR0410_11_00_000167.png,A:\HUST_on_GitHub\ProjectCV\dataset\GoPro\input\GOPR0410_11_00_000167.png,A:\HUST_on_GitHub\ProjectCV\dataset\GoPro\restored\GOPR0410_11_00_000167.png
test,GOPR0384_11_05_004091.png,A:\HUST_on_GitHub\ProjectCV\dataset\GoPro\input\GOPR0384_11_05_004091.png,A:\HUST_on_GitHub\ProjectCV\dataset\GoPro\restored\GOPR0384_11_05_004091.png
test,GOPR0396_11_00_000040.png,A:\HUST_on_GitHub\ProjectCV\dataset\GoPro\input\GOPR0396_11_00_000040.png,A:\HUST_on_GitHub\ProjectCV\dataset\GoPro\restored\GOPR0396_11_00_000040.png
test,GOPR0854_11_00_000075.png,A:\HUST_on_GitHub\ProjectCV\dataset\GoPro\input\GOPR0854_11_00_000075.png,A:\HUST_on_GitHub\ProjectCV\dataset\GoPro\restored\GOPR0854_11_00_000075.png
test,GOPR0862_11_00_000024.png,A:\HUST_on_GitHub\ProjectCV\dataset\GoPro\input\GOPR0862_11_00_000024.png,A:\HUST_on_GitHub\ProjectCV\dataset\GoPro\restored\GOPR0862_11_00_000024.png
test,GOPR0881_11_01_000220.png,A:\HUST_on_GitHub\ProjectCV\dataset\GoPro\input\GOPR0881_11_01_000220.png,A:\HUST_on_GitHub\ProjectCV\dataset\GoPro\restored\GOPR0881_11_01_000220.png
test,GOPR0384_11_00_000042.png,A:\HUST_on_GitHub\ProjectCV\dataset\GoPro\input\GOPR0384_11_00_000042.png,A:\HUST_on_GitHub\ProjectCV\dataset\GoPro\restored\GOPR0384_11_00_000042.png
test,GOPR0854_11_00_000014.png,A:\HUST_on_GitHub\ProjectCV\dataset\GoPro\input\GOPR0854_11_00_000014.png,A:\HUST_on_GitHub\ProjectCV\dataset\GoPro\restored\GOPR0854_11_00_000014.png
test,GOPR0854_11_00_000028.png,A:\HUST_on_GitHub\ProjectCV\dataset\GoPro\input\GOPR0854_11_00_000028.png,A:\HUST_on_GitHub\ProjectCV\dataset\GoPro\restored\GOPR0854_11_00_000028.png
test,GOPR0385_11_01_003062.png,A:\HUST_on_GitHub\ProjectCV\dataset\GoPro\input\GOPR0385_11_01_003062.png,A:\HUST_on_GitHub\ProjectCV\dataset\GoPro\restored\GOPR0385_11_01_003062.png
test,GOPR0384_11_00_000079.png,A:\HUST_on_GitHub\ProjectCV\dataset\GoPro\input\GOPR0384_11_00_000079.png,A:\HUST_on_GitHub\ProjectCV\dataset\GoPro\restored\GOPR0384_11_00_000079.png
test,GOPR0868_11_00_000073.png,A:\HUST_on_GitHub\ProjectCV\dataset\GoPro\input\GOPR0868_11_00_000073.png,A:\HUST_on_GitHub\ProjectCV\dataset\GoPro\restored\GOPR0868_11_00_000073.png
test,GOPR0854_11_00_000059.png,A:\HUST_on_GitHub\ProjectCV\dataset\GoPro\input\GOPR0854_11_00_000059.png,A:\HUST_on_GitHub\ProjectCV\dataset\GoPro\restored\GOPR0854_11_00_000059.png
test,GOPR0384_11_05_004060.png,A:\HUST_on_GitHub\ProjectCV\dataset\GoPro\input\GOPR0384_11_05_004060.png,A:\HUST_on_GitHub\ProjectCV\dataset\GoPro\restored\GOPR0384_11_05_004060.png
test,GOPR0862_11_00_000015.png,A:\HUST_on_GitHub\ProjectCV\dataset\GoPro\input\GOPR0862_11_00_000015.png,A:\HUST_on_GitHub\ProjectCV\dataset\GoPro\restored\GOPR0862_11_00_000015.png
test,GOPR0871_11_00_000082.png,A:\HUST_on_GitHub\ProjectCV\dataset\GoPro\input\GOPR0871_11_00_000082.png,A:\HUST_on_GitHub\ProjectCV\dataset\GoPro\restored\GOPR0871_11_00_000082.png
test,GOPR0385_11_01_003097.png,A:\HUST_on_GitHub\ProjectCV\dataset\GoPro\input\GOPR0385_11_01_003097.png,A:\HUST_on_GitHub\ProjectCV\dataset\GoPro\restored\GOPR0385_11_01_003097.png
test,GOPR0396_11_00_000030.png,A:\HUST_on_GitHub\ProjectCV\dataset\GoPro\input\GOPR0396_11_00_000030.png,A:\HUST_on_GitHub\ProjectCV\dataset\GoPro\restored\GOPR0396_11_00_000030.png
test,GOPR0385_11_01_003069.png,A:\HUST_on_GitHub\ProjectCV\dataset\GoPro\input\GOPR0385_11_01_003069.png,A:\HUST_on_GitHub\ProjectCV\dataset\GoPro\restored\GOPR0385_11_01_003069.png
test,GOPR0384_11_05_004040.png,A:\HUST_on_GitHub\ProjectCV\dataset\GoPro\input\GOPR0384_11_05_004040.png,A:\HUST_on_GitHub\ProjectCV\dataset\GoPro\restored\GOPR0384_11_05_004040.png
test,GOPR0396_11_00_000011.png,A:\HUST_on_GitHub\ProjectCV\dataset\GoPro\input\GOPR0396_11_00_000011.png,A:\HUST_on_GitHub\ProjectCV\dataset\GoPro\restored\GOPR0396_11_00_000011.png
test,GOPR0854_11_00_000063.png,A:\HUST_on_GitHub\ProjectCV\dataset\GoPro\input\GOPR0854_11_00_000063.png,A:\HUST_on_GitHub\ProjectCV\dataset\GoPro\restored\GOPR0854_11_00_000063.png
test,GOPR0868_11_00_000077.png,A:\HUST_on_GitHub\ProjectCV\dataset\GoPro\input\GOPR0868_11_00_000077.png,A:\HUST_on_GitHub\ProjectCV\dataset\GoPro\restored\GOPR0868_11_00_000077.png
test,GOPR0385_11_01_003068.png,A:\HUST_on_GitHub\ProjectCV\dataset\GoPro\input\GOPR0385_11_01_003068.png,A:\HUST_on_GitHub\ProjectCV\dataset\GoPro\restored\GOPR0385_11_01_003068.png
test,GOPR0869_11_00_000033.png,A:\HUST_on_GitHub\ProjectCV\dataset\GoPro\input\GOPR0869_11_00_000033.png,A:\HUST_on_GitHub\ProjectCV\dataset\GoPro\restored\GOPR0869_11_00_000033.png
test,GOPR0862_11_00_000044.png,A:\HUST_on_GitHub\ProjectCV\dataset\GoPro\input\GOPR0862_11_00_000044.png,A:\HUST_on_GitHub\ProjectCV\dataset\GoPro\restored\GOPR0862_11_00_000044.png
test,GOPR0410_11_00_000205.png,A:\HUST_on_GitHub\ProjectCV\dataset\GoPro\input\GOPR0410_11_00_000205.png,A:\HUST_on_GitHub\ProjectCV\dataset\GoPro\restored\GOPR0410_11_00_000205.png
test,GOPR0871_11_00_000070.png,A:\HUST_on_GitHub\ProjectCV\dataset\GoPro\input\GOPR0871_11_00_000070.png,A:\HUST_on_GitHub\ProjectCV\dataset\GoPro\restored\GOPR0871_11_00_000070.png
test,GOPR0396_11_00_000002.png,A:\HUST_on_GitHub\ProjectCV\dataset\GoPro\input\GOPR0396_11_00_000002.png,A:\HUST_on_GitHub\ProjectCV\dataset\GoPro\restored\GOPR0396_11_00_000002.png
test,GOPR0854_11_00_000050.png,A:\HUST_on_GitHub\ProjectCV\dataset\GoPro\input\GOPR0854_11_00_000050.png,A:\HUST_on_GitHub\ProjectCV\dataset\GoPro\restored\GOPR0854_11_00_000050.png
test,GOPR0384_11_00_000020.png,A:\HUST_on_GitHub\ProjectCV\dataset\GoPro\input\GOPR0384_11_00_000020.png,A:\HUST_on_GitHub\ProjectCV\dataset\GoPro\restored\GOPR0384_11_00_000020.png
test,GOPR0854_11_00_000025.png,A:\HUST_on_GitHub\ProjectCV\dataset\GoPro\input\GOPR0854_11_00_000025.png,A:\HUST_on_GitHub\ProjectCV\dataset\GoPro\restored\GOPR0854_11_00_000025.png
test,GOPR0869_11_00_000091.png,A:\HUST_on_GitHub\ProjectCV\dataset\GoPro\input\GOPR0869_11_00_000091.png,A:\HUST_on_GitHub\ProjectCV\dataset\GoPro\restored\GOPR0869_11_00_000091.png
test,GOPR0396_11_00_000034.png,A:\HUST_on_GitHub\ProjectCV\dataset\GoPro\input\GOPR0396_11_00_000034.png,A:\HUST_on_GitHub\ProjectCV\dataset\GoPro\restored\GOPR0396_11_00_000034.png
test,GOPR0384_11_00_000029.png,A:\HUST_on_GitHub\ProjectCV\dataset\GoPro\input\GOPR0384_11_00_000029.png,A:\HUST_on_GitHub\ProjectCV\dataset\GoPro\restored\GOPR0384_11_00_000029.png
test,GOPR0384_11_00_000048.png,A:\HUST_on_GitHub\ProjectCV\dataset\GoPro\input\GOPR0384_11_00_000048.png,A:\HUST_on_GitHub\ProjectCV\dataset\GoPro\restored\GOPR0384_11_00_000048.png
test,GOPR0385_11_01_003099.png,A:\HUST_on_GitHub\ProjectCV\dataset\GoPro\input\GOPR0385_11_01_003099.png,A:\HUST_on_GitHub\ProjectCV\dataset\GoPro\restored\GOPR0385_11_01_003099.png
test,GOPR0869_11_00_000031.png,A:\HUST_on_GitHub\ProjectCV\dataset\GoPro\input\GOPR0869_11_00_000031.png,A:\HUST_on_GitHub\ProjectCV\dataset\GoPro\restored\GOPR0869_11_00_000031.png
test,GOPR0854_11_00_000055.png,A:\HUST_on_GitHub\ProjectCV\dataset\GoPro\input\GOPR0854_11_00_000055.png,A:\HUST_on_GitHub\ProjectCV\dataset\GoPro\restored\GOPR0854_11_00_000055.png
test,GOPR0868_11_00_000026.png,A:\HUST_on_GitHub\ProjectCV\dataset\GoPro\input\GOPR0868_11_00_000026.png,A:\HUST_on_GitHub\ProjectCV\dataset\GoPro\restored\GOPR0868_11_00_000026.png
test,GOPR0869_11_00_000084.png,A:\HUST_on_GitHub\ProjectCV\dataset\GoPro\input\GOPR0869_11_00_000084.png,A:\HUST_on_GitHub\ProjectCV\dataset\GoPro\restored\GOPR0869_11_00_000084.png
test,GOPR0871_11_00_000049.png,A:\HUST_on_GitHub\ProjectCV\dataset\GoPro\input\GOPR0871_11_00_000049.png,A:\HUST_on_GitHub\ProjectCV\dataset\GoPro\restored\GOPR0871_11_00_000049.png
test,GOPR0396_11_00_000087.png,A:\HUST_on_GitHub\ProjectCV\dataset\GoPro\input\GOPR0396_11_00_000087.png,A:\HUST_on_GitHub\ProjectCV\dataset\GoPro\restored\GOPR0396_11_00_000087.png
test,GOPR0868_11_00_000057.png,A:\HUST_on_GitHub\ProjectCV\dataset\GoPro\input\GOPR0868_11_00_000057.png,A:\HUST_on_GitHub\ProjectCV\dataset\GoPro\restored\GOPR0868_11_00_000057.png
test,GOPR0869_11_00_000002.png,A:\HUST_on_GitHub\ProjectCV\dataset\GoPro\input\GOPR0869_11_00_000002.png,A:\HUST_on_GitHub\ProjectCV\dataset\GoPro\restored\GOPR0869_11_00_000002.png
test,GOPR0854_11_00_000092.png,A:\HUST_on_GitHub\ProjectCV\dataset\GoPro\input\GOPR0854_11_00_000092.png,A:\HUST_on_GitHub\ProjectCV\dataset\GoPro\restored\GOPR0854_11_00_000092.png
test,GOPR0869_11_00_000087.png,A:\HUST_on_GitHub\ProjectCV\dataset\GoPro\input\GOPR0869_11_00_000087.png,A:\HUST_on_GitHub\ProjectCV\dataset\GoPro\restored\GOPR0869_11_00_000087.png
test,GOPR0854_11_00_000089.png,A:\HUST_on_GitHub\ProjectCV\dataset\GoPro\input\GOPR0854_11_00_000089.png,A:\HUST_on_GitHub\ProjectCV\dataset\GoPro\restored\GOPR0854_11_00_000089.png
test,GOPR0385_11_01_003080.png,A:\HUST_on_GitHub\ProjectCV\dataset\GoPro\input\GOPR0385_11_01_003080.png,A:\HUST_on_GitHub\ProjectCV\dataset\GoPro\restored\GOPR0385_11_01_003080.png
test,GOPR0881_11_01_000295.png,A:\HUST_on_GitHub\ProjectCV\dataset\GoPro\input\GOPR0881_11_01_000295.png,A:\HUST_on_GitHub\ProjectCV\dataset\GoPro\restored\GOPR0881_11_01_000295.png
test,GOPR0384_11_05_004049.png,A:\HUST_on_GitHub\ProjectCV\dataset\GoPro\input\GOPR0384_11_05_004049.png,A:\HUST_on_GitHub\ProjectCV\dataset\GoPro\restored\GOPR0384_11_05_004049.png
test,GOPR0396_11_00_000046.png,A:\HUST_on_GitHub\ProjectCV\dataset\GoPro\input\GOPR0396_11_00_000046.png,A:\HUST_on_GitHub\ProjectCV\dataset\GoPro\restored\GOPR0396_11_00_000046.png
test,GOPR0881_11_01_000293.png,A:\HUST_on_GitHub\ProjectCV\dataset\GoPro\input\GOPR0881_11_01_000293.png,A:\HUST_on_GitHub\ProjectCV\dataset\GoPro\restored\GOPR0881_11_01_000293.png
test,GOPR0396_11_00_000027.png,A:\HUST_on_GitHub\ProjectCV\dataset\GoPro\input\GOPR0396_11_00_000027.png,A:\HUST_on_GitHub\ProjectCV\dataset\GoPro\restored\GOPR0396_11_00_000027.png
test,GOPR0396_11_00_000025.png,A:\HUST_on_GitHub\ProjectCV\dataset\GoPro\input\GOPR0396_11_00_000025.png,A:\HUST_on_GitHub\ProjectCV\dataset\GoPro\restored\GOPR0396_11_00_000025.png
test,GOPR0862_11_00_000065.png,A:\HUST_on_GitHub\ProjectCV\dataset\GoPro\input\GOPR0862_11_00_000065.png,A:\HUST_on_GitHub\ProjectCV\dataset\GoPro\restored\GOPR0862_11_00_000065.png
test,GOPR0384_11_05_004089.png,A:\HUST_on_GitHub\ProjectCV\dataset\GoPro\input\GOPR0384_11_05_004089.png,A:\HUST_on_GitHub\ProjectCV\dataset\GoPro\restored\GOPR0384_11_05_004089.png
test,GOPR0385_11_01_003051.png,A:\HUST_on_GitHub\ProjectCV\dataset\GoPro\input\GOPR0385_11_01_003051.png,A:\HUST_on_GitHub\ProjectCV\dataset\GoPro\restored\GOPR0385_11_01_003051.png
test,GOPR0384_11_00_000074.png,A:\HUST_on_GitHub\ProjectCV\dataset\GoPro\input\GOPR0384_11_00_000074.png,A:\HUST_on_GitHub\ProjectCV\dataset\GoPro\restored\GOPR0384_11_00_000074.png
test,GOPR0868_11_00_000047.png,A:\HUST_on_GitHub\ProjectCV\dataset\GoPro\input\GOPR0868_11_00_000047.png,A:\HUST_on_GitHub\ProjectCV\dataset\GoPro\restored\GOPR0868_11_00_000047.png
test,GOPR0396_11_00_000072.png,A:\HUST_on_GitHub\ProjectCV\dataset\GoPro\input\GOPR0396_11_00_000072.png,A:\HUST_on_GitHub\ProjectCV\dataset\GoPro\restored\GOPR0396_11_00_000072.png
test,GOPR0384_11_00_000011.png,A:\HUST_on_GitHub\ProjectCV\dataset\GoPro\input\GOPR0384_11_00_000011.png,A:\HUST_on_GitHub\ProjectCV\dataset\GoPro\restored\GOPR0384_11_00_000011.png
test,GOPR0396_11_00_000056.png,A:\HUST_on_GitHub\ProjectCV\dataset\GoPro\input\GOPR0396_11_00_000056.png,A:\HUST_on_GitHub\ProjectCV\dataset\GoPro\restored\GOPR0396_11_00_000056.png
test,GOPR0869_11_00_000040.png,A:\HUST_on_GitHub\ProjectCV\dataset\GoPro\input\GOPR0869_11_00_000040.png,A:\HUST_on_GitHub\ProjectCV\dataset\GoPro\restored\GOPR0869_11_00_000040.png
test,GOPR0396_11_00_000017.png,A:\HUST_on_GitHub\ProjectCV\dataset\GoPro\input\GOPR0396_11_00_000017.png,A:\HUST_on_GitHub\ProjectCV\dataset\GoPro\restored\GOPR0396_11_00_000017.png
test,GOPR0384_11_05_004063.png,A:\HUST_on_GitHub\ProjectCV\dataset\GoPro\input\GOPR0384_11_05_004063.png,A:\HUST_on_GitHub\ProjectCV\dataset\GoPro\restored\GOPR0384_11_05_004063.png
test,GOPR0868_11_00_000050.png,A:\HUST_on_GitHub\ProjectCV\dataset\GoPro\input\GOPR0868_11_00_000050.png,A:\HUST_on_GitHub\ProjectCV\dataset\GoPro\restored\GOPR0868_11_00_000050.png
test,GOPR0868_11_00_000010.png,A:\HUST_on_GitHub\ProjectCV\dataset\GoPro\input\GOPR0868_11_00_000010.png,A:\HUST_on_GitHub\ProjectCV\dataset\GoPro\restored\GOPR0868_11_00_000010.png
test,GOPR0868_11_00_000001.png,A:\HUST_on_GitHub\ProjectCV\dataset\GoPro\input\GOPR0868_11_00_000001.png,A:\HUST_on_GitHub\ProjectCV\dataset\GoPro\restored\GOPR0868_11_00_000001.png
test,GOPR0384_11_00_000006.png,A:\HUST_on_GitHub\ProjectCV\dataset\GoPro\input\GOPR0384_11_00_000006.png,A:\HUST_on_GitHub\ProjectCV\dataset\GoPro\restored\GOPR0384_11_00_000006.png
test,GOPR0869_11_00_000064.png,A:\HUST_on_GitHub\ProjectCV\dataset\GoPro\input\GOPR0869_11_00_000064.png,A:\HUST_on_GitHub\ProjectCV\dataset\GoPro\restored\GOPR0869_11_00_000064.png
test,GOPR0871_11_00_000055.png,A:\HUST_on_GitHub\ProjectCV\dataset\GoPro\input\GOPR0871_11_00_000055.png,A:\HUST_on_GitHub\ProjectCV\dataset\GoPro\restored\GOPR0871_11_00_000055.png
test,GOPR0384_11_00_000071.png,A:\HUST_on_GitHub\ProjectCV\dataset\GoPro\input\GOPR0384_11_00_000071.png,A:\HUST_on_GitHub\ProjectCV\dataset\GoPro\restored\GOPR0384_11_00_000071.png
test,GOPR0881_11_01_000206.png,A:\HUST_on_GitHub\ProjectCV\dataset\GoPro\input\GOPR0881_11_01_000206.png,A:\HUST_on_GitHub\ProjectCV\dataset\GoPro\restored\GOPR0881_11_01_000206.png
test,GOPR0871_11_00_000072.png,A:\HUST_on_GitHub\ProjectCV\dataset\GoPro\input\GOPR0871_11_00_000072.png,A:\HUST_on_GitHub\ProjectCV\dataset\GoPro\restored\GOPR0871_11_00_000072.png
test,GOPR0385_11_01_003081.png,A:\HUST_on_GitHub\ProjectCV\dataset\GoPro\input\GOPR0385_11_01_003081.png,A:\HUST_on_GitHub\ProjectCV\dataset\GoPro\restored\GOPR0385_11_01_003081.png
test,GOPR0384_11_05_004084.png,A:\HUST_on_GitHub\ProjectCV\dataset\GoPro\input\GOPR0384_11_05_004084.png,A:\HUST_on_GitHub\ProjectCV\dataset\GoPro\restored\GOPR0384_11_05_004084.png
test,GOPR0854_11_00_000065.png,A:\HUST_on_GitHub\ProjectCV\dataset\GoPro\input\GOPR0854_11_00_000065.png,A:\HUST_on_GitHub\ProjectCV\dataset\GoPro\restored\GOPR0854_11_00_000065.png
test,GOPR0384_11_00_000082.png,A:\HUST_on_GitHub\ProjectCV\dataset\GoPro\input\GOPR0384_11_00_000082.png,A:\HUST_on_GitHub\ProjectCV\dataset\GoPro\restored\GOPR0384_11_00_000082.png
test,GOPR0410_11_00_000221.png,A:\HUST_on_GitHub\ProjectCV\dataset\GoPro\input\GOPR0410_11_00_000221.png,A:\HUST_on_GitHub\ProjectCV\dataset\GoPro\restored\GOPR0410_11_00_000221.png
test,GOPR0410_11_00_000127.png,A:\HUST_on_GitHub\ProjectCV\dataset\GoPro\input\GOPR0410_11_00_000127.png,A:\HUST_on_GitHub\ProjectCV\dataset\GoPro\restored\GOPR0410_11_00_000127.png
test,GOPR0868_11_00_000051.png,A:\HUST_on_GitHub\ProjectCV\dataset\GoPro\input\GOPR0868_11_00_000051.png,A:\HUST_on_GitHub\ProjectCV\dataset\GoPro\restored\GOPR0868_11_00_000051.png
test,GOPR0385_11_01_003064.png,A:\HUST_on_GitHub\ProjectCV\dataset\GoPro\input\GOPR0385_11_01_003064.png,A:\HUST_on_GitHub\ProjectCV\dataset\GoPro\restored\GOPR0385_11_01_003064.png
test,GOPR0410_11_00_000147.png,A:\HUST_on_GitHub\ProjectCV\dataset\GoPro\input\GOPR0410_11_00_000147.png,A:\HUST_on_GitHub\ProjectCV\dataset\GoPro\restored\GOPR0410_11_00_000147.png
test,GOPR0854_11_00_000094.png,A:\HUST_on_GitHub\ProjectCV\dataset\GoPro\input\GOPR0854_11_00_000094.png,A:\HUST_on_GitHub\ProjectCV\dataset\GoPro\restored\GOPR0854_11_00_000094.png
test,GOPR0385_11_01_003026.png,A:\HUST_on_GitHub\ProjectCV\dataset\GoPro\input\GOPR0385_11_01_003026.png,A:\HUST_on_GitHub\ProjectCV\dataset\GoPro\restored\GOPR0385_11_01_003026.png
test,GOPR0881_11_01_000233.png,A:\HUST_on_GitHub\ProjectCV\dataset\GoPro\input\GOPR0881_11_01_000233.png,A:\HUST_on_GitHub\ProjectCV\dataset\GoPro\restored\GOPR0881_11_01_000233.png
test,GOPR0862_11_00_000069.png,A:\HUST_on_GitHub\ProjectCV\dataset\GoPro\input\GOPR0862_11_00_000069.png,A:\HUST_on_GitHub\ProjectCV\dataset\GoPro\restored\GOPR0862_11_00_000069.png
test,GOPR0410_11_00_000161.png,A:\HUST_on_GitHub\ProjectCV\dataset\GoPro\input\GOPR0410_11_00_000161.png,A:\HUST_on_GitHub\ProjectCV\dataset\GoPro\restored\GOPR0410_11_00_000161.png
test,GOPR0385_11_01_003071.png,A:\HUST_on_GitHub\ProjectCV\dataset\GoPro\input\GOPR0385_11_01_003071.png,A:\HUST_on_GitHub\ProjectCV\dataset\GoPro\restored\GOPR0385_11_01_003071.png
test,GOPR0854_11_00_000085.png,A:\HUST_on_GitHub\ProjectCV\dataset\GoPro\input\GOPR0854_11_00_000085.png,A:\HUST_on_GitHub\ProjectCV\dataset\GoPro\restored\GOPR0854_11_00_000085.png
test,GOPR0881_11_01_000228.png,A:\HUST_on_GitHub\ProjectCV\dataset\GoPro\input\GOPR0881_11_01_000228.png,A:\HUST_on_GitHub\ProjectCV\dataset\GoPro\restored\GOPR0881_11_01_000228.png
test,GOPR0871_11_00_000029.png,A:\HUST_on_GitHub\ProjectCV\dataset\GoPro\input\GOPR0871_11_00_000029.png,A:\HUST_on_GitHub\ProjectCV\dataset\GoPro\restored\GOPR0871_11_00_000029.png
test,GOPR0384_11_00_000065.png,A:\HUST_on_GitHub\ProjectCV\dataset\GoPro\input\GOPR0384_11_00_000065.png,A:\HUST_on_GitHub\ProjectCV\dataset\GoPro\restored\GOPR0384_11_00_000065.png
test,GOPR0410_11_00_000164.png,A:\HUST_on_GitHub\ProjectCV\dataset\GoPro\input\GOPR0410_11_00_000164.png,A:\HUST_on_GitHub\ProjectCV\dataset\GoPro\restored\GOPR0410_11_00_000164.png
test,GOPR0881_11_01_000218.png,A:\HUST_on_GitHub\ProjectCV\dataset\GoPro\input\GOPR0881_11_01_000218.png,A:\HUST_on_GitHub\ProjectCV\dataset\GoPro\restored\GOPR0881_11_01_000218.png
test,GOPR0854_11_00_000013.png,A:\HUST_on_GitHub\ProjectCV\dataset\GoPro\input\GOPR0854_11_00_000013.png,A:\HUST_on_GitHub\ProjectCV\dataset\GoPro\restored\GOPR0854_11_00_000013.png
test,GOPR0410_11_00_000149.png,A:\HUST_on_GitHub\ProjectCV\dataset\GoPro\input\GOPR0410_11_00_000149.png,A:\HUST_on_GitHub\ProjectCV\dataset\GoPro\restored\GOPR0410_11_00_000149.png
test,GOPR0396_11_00_000052.png,A:\HUST_on_GitHub\ProjectCV\dataset\GoPro\input\GOPR0396_11_00_000052.png,A:\HUST_on_GitHub\ProjectCV\dataset\GoPro\restored\GOPR0396_11_00_000052.png
test,GOPR0854_11_00_000049.png,A:\HUST_on_GitHub\ProjectCV\dataset\GoPro\input\GOPR0854_11_00_000049.png,A:\HUST_on_GitHub\ProjectCV\dataset\GoPro\restored\GOPR0854_11_00_000049.png
test,GOPR0396_11_00_000007.png,A:\HUST_on_GitHub\ProjectCV\dataset\GoPro\input\GOPR0396_11_00_000007.png,A:\HUST_on_GitHub\ProjectCV\dataset\GoPro\restored\GOPR0396_11_00_000007.png
test,GOPR0862_11_00_000031.png,A:\HUST_on_GitHub\ProjectCV\dataset\GoPro\input\GOPR0862_11_00_000031.png,A:\HUST_on_GitHub\ProjectCV\dataset\GoPro\restored\GOPR0862_11_00_000031.png
test,GOPR0854_11_00_000051.png,A:\HUST_on_GitHub\ProjectCV\dataset\GoPro\input\GOPR0854_11_00_000051.png,A:\HUST_on_GitHub\ProjectCV\dataset\GoPro\restored\GOPR0854_11_00_000051.png
test,GOPR0384_11_00_000090.png,A:\HUST_on_GitHub\ProjectCV\dataset\GoPro\input\GOPR0384_11_00_000090.png,A:\HUST_on_GitHub\ProjectCV\dataset\GoPro\restored\GOPR0384_11_00_000090.png
test,GOPR0868_11_00_000078.png,A:\HUST_on_GitHub\ProjectCV\dataset\GoPro\input\GOPR0868_11_00_000078.png,A:\HUST_on_GitHub\ProjectCV\dataset\GoPro\restored\GOPR0868_11_00_000078.png
test,GOPR0384_11_00_000033.png,A:\HUST_on_GitHub\ProjectCV\dataset\GoPro\input\GOPR0384_11_00_000033.png,A:\HUST_on_GitHub\ProjectCV\dataset\GoPro\restored\GOPR0384_11_00_000033.png
test,GOPR0396_11_00_000028.png,A:\HUST_on_GitHub\ProjectCV\dataset\GoPro\input\GOPR0396_11_00_000028.png,A:\HUST_on_GitHub\ProjectCV\dataset\GoPro\restored\GOPR0396_11_00_000028.png
test,GOPR0868_11_00_000007.png,A:\HUST_on_GitHub\ProjectCV\dataset\GoPro\input\GOPR0868_11_00_000007.png,A:\HUST_on_GitHub\ProjectCV\dataset\GoPro\restored\GOPR0868_11_00_000007.png
test,GOPR0385_11_01_003012.png,A:\HUST_on_GitHub\ProjectCV\dataset\GoPro\input\GOPR0385_11_01_003012.png,A:\HUST_on_GitHub\ProjectCV\dataset\GoPro\restored\GOPR0385_11_01_003012.png
test,GOPR0871_11_00_000037.png,A:\HUST_on_GitHub\ProjectCV\dataset\GoPro\input\GOPR0871_11_00_000037.png,A:\HUST_on_GitHub\ProjectCV\dataset\GoPro\restored\GOPR0871_11_00_000037.png
test,GOPR0410_11_00_000216.png,A:\HUST_on_GitHub\ProjectCV\dataset\GoPro\input\GOPR0410_11_00_000216.png,A:\HUST_on_GitHub\ProjectCV\dataset\GoPro\restored\GOPR0410_11_00_000216.png
test,GOPR0862_11_00_000070.png,A:\HUST_on_GitHub\ProjectCV\dataset\GoPro\input\GOPR0862_11_00_000070.png,A:\HUST_on_GitHub\ProjectCV\dataset\GoPro\restored\GOPR0862_11_00_000070.png
test,GOPR0854_11_00_000080.png,A:\HUST_on_GitHub\ProjectCV\dataset\GoPro\input\GOPR0854_11_00_000080.png,A:\HUST_on_GitHub\ProjectCV\dataset\GoPro\restored\GOPR0854_11_00_000080.png
test,GOPR0854_11_00_000031.png,A:\HUST_on_GitHub\ProjectCV\dataset\GoPro\input\GOPR0854_11_00_000031.png,A:\HUST_on_GitHub\ProjectCV\dataset\GoPro\restored\GOPR0854_11_00_000031.png
test,GOPR0384_11_05_004059.png,A:\HUST_on_GitHub\ProjectCV\dataset\GoPro\input\GOPR0384_11_05_004059.png,A:\HUST_on_GitHub\ProjectCV\dataset\GoPro\restored\GOPR0384_11_05_004059.png
test,GOPR0410_11_00_000200.png,A:\HUST_on_GitHub\ProjectCV\dataset\GoPro\input\GOPR0410_11_00_000200.png,A:\HUST_on_GitHub\ProjectCV\dataset\GoPro\restored\GOPR0410_11_00_000200.png
test,GOPR0384_11_00_000012.png,A:\HUST_on_GitHub\ProjectCV\dataset\GoPro\input\GOPR0384_11_00_000012.png,A:\HUST_on_GitHub\ProjectCV\dataset\GoPro\restored\GOPR0384_11_00_000012.png
test,GOPR0869_11_00_000006.png,A:\HUST_on_GitHub\ProjectCV\dataset\GoPro\input\GOPR0869_11_00_000006.png,A:\HUST_on_GitHub\ProjectCV\dataset\GoPro\restored\GOPR0869_11_00_000006.png
test,GOPR0854_11_00_000068.png,A:\HUST_on_GitHub\ProjectCV\dataset\GoPro\input\GOPR0854_11_00_000068.png,A:\HUST_on_GitHub\ProjectCV\dataset\GoPro\restored\GOPR0854_11_00_000068.png
test,GOPR0869_11_00_000045.png,A:\HUST_on_GitHub\ProjectCV\dataset\GoPro\input\GOPR0869_11_00_000045.png,A:\HUST_on_GitHub\ProjectCV\dataset\GoPro\restored\GOPR0869_11_00_000045.png
test,GOPR0384_11_05_004074.png,A:\HUST_on_GitHub\ProjectCV\dataset\GoPro\input\GOPR0384_11_05_004074.png,A:\HUST_on_GitHub\ProjectCV\dataset\GoPro\restored\GOPR0384_11_05_004074.png
test,GOPR0410_11_00_000172.png,A:\HUST_on_GitHub\ProjectCV\dataset\GoPro\input\GOPR0410_11_00_000172.png,A:\HUST_on_GitHub\ProjectCV\dataset\GoPro\restored\GOPR0410_11_00_000172.png
test,GOPR0396_11_00_000097.png,A:\HUST_on_GitHub\ProjectCV\dataset\GoPro\input\GOPR0396_11_00_000097.png,A:\HUST_on_GitHub\ProjectCV\dataset\GoPro\restored\GOPR0396_11_00_000097.png
test,GOPR0384_11_00_000047.png,A:\HUST_on_GitHub\ProjectCV\dataset\GoPro\input\GOPR0384_11_00_000047.png,A:\HUST_on_GitHub\ProjectCV\dataset\GoPro\restored\GOPR0384_11_00_000047.png
test,GOPR0881_11_01_000254.png,A:\HUST_on_GitHub\ProjectCV\dataset\GoPro\input\GOPR0881_11_01_000254.png,A:\HUST_on_GitHub\ProjectCV\dataset\GoPro\restored\GOPR0881_11_01_000254.png
test,GOPR0869_11_00_000081.png,A:\HUST_on_GitHub\ProjectCV\dataset\GoPro\input\GOPR0869_11_00_000081.png,A:\HUST_on_GitHub\ProjectCV\dataset\GoPro\restored\GOPR0869_11_00_000081.png
test,GOPR0410_11_00_000105.png,A:\HUST_on_GitHub\ProjectCV\dataset\GoPro\input\GOPR0410_11_00_000105.png,A:\HUST_on_GitHub\ProjectCV\dataset\GoPro\restored\GOPR0410_11_00_000105.png
test,GOPR0396_11_00_000049.png,A:\HUST_on_GitHub\ProjectCV\dataset\GoPro\input\GOPR0396_11_00_000049.png,A:\HUST_on_GitHub\ProjectCV\dataset\GoPro\restored\GOPR0396_11_00_000049.png
test,GOPR0384_11_05_004094.png,A:\HUST_on_GitHub\ProjectCV\dataset\GoPro\input\GOPR0384_11_05_004094.png,A:\HUST_on_GitHub\ProjectCV\dataset\GoPro\restored\GOPR0384_11_05_004094.png
test,GOPR0396_11_00_000022.png,A:\HUST_on_GitHub\ProjectCV\dataset\GoPro\input\GOPR0396_11_00_000022.png,A:\HUST_on_GitHub\ProjectCV\dataset\GoPro\restored\GOPR0396_11_00_000022.png
test,GOPR0871_11_00_000053.png,A:\HUST_on_GitHub\ProjectCV\dataset\GoPro\input\GOPR0871_11_00_000053.png,A:\HUST_on_GitHub\ProjectCV\dataset\GoPro\restored\GOPR0871_11_00_000053.png
test,GOPR0869_11_00_000076.png,A:\HUST_on_GitHub\ProjectCV\dataset\GoPro\input\GOPR0869_11_00_000076.png,A:\HUST_on_GitHub\ProjectCV\dataset\GoPro\restored\GOPR0869_11_00_000076.png
test,GOPR0384_11_00_000064.png,A:\HUST_on_GitHub\ProjectCV\dataset\GoPro\input\GOPR0384_11_00_000064.png,A:\HUST_on_GitHub\ProjectCV\dataset\GoPro\restored\GOPR0384_11_00_000064.png
test,GOPR0881_11_01_000205.png,A:\HUST_on_GitHub\ProjectCV\dataset\GoPro\input\GOPR0881_11_01_000205.png,A:\HUST_on_GitHub\ProjectCV\dataset\GoPro\restored\GOPR0881_11_01_000205.png
test,GOPR0396_11_00_000073.png,A:\HUST_on_GitHub\ProjectCV\dataset\GoPro\input\GOPR0396_11_00_000073.png,A:\HUST_on_GitHub\ProjectCV\dataset\GoPro\restored\GOPR0396_11_00_000073.png
test,GOPR0869_11_00_000013.png,A:\HUST_on_GitHub\ProjectCV\dataset\GoPro\input\GOPR0869_11_00_000013.png,A:\HUST_on_GitHub\ProjectCV\dataset\GoPro\restored\GOPR0869_11_00_000013.png
test,GOPR0384_11_00_000009.png,A:\HUST_on_GitHub\ProjectCV\dataset\GoPro\input\GOPR0384_11_00_000009.png,A:\HUST_on_GitHub\ProjectCV\dataset\GoPro\restored\GOPR0384_11_00_000009.png
test,GOPR0384_11_05_004032.png,A:\HUST_on_GitHub\ProjectCV\dataset\GoPro\input\GOPR0384_11_05_004032.png,A:\HUST_on_GitHub\ProjectCV\dataset\GoPro\restored\GOPR0384_11_05_004032.png
test,GOPR0862_11_00_000059.png,A:\HUST_on_GitHub\ProjectCV\dataset\GoPro\input\GOPR0862_11_00_000059.png,A:\HUST_on_GitHub\ProjectCV\dataset\GoPro\restored\GOPR0862_11_00_000059.png
test,GOPR0385_11_01_003091.png,A:\HUST_on_GitHub\ProjectCV\dataset\GoPro\input\GOPR0385_11_01_003091.png,A:\HUST_on_GitHub\ProjectCV\dataset\GoPro\restored\GOPR0385_11_01_003091.png
test,GOPR0868_11_00_000020.png,A:\HUST_on_GitHub\ProjectCV\dataset\GoPro\input\GOPR0868_11_00_000020.png,A:\HUST_on_GitHub\ProjectCV\dataset\GoPro\restored\GOPR0868_11_00_000020.png
test,GOPR0384_11_00_000059.png,A:\HUST_on_GitHub\ProjectCV\dataset\GoPro\input\GOPR0384_11_00_000059.png,A:\HUST_on_GitHub\ProjectCV\dataset\GoPro\restored\GOPR0384_11_00_000059.png
test,GOPR0881_11_01_000239.png,A:\HUST_on_GitHub\ProjectCV\dataset\GoPro\input\GOPR0881_11_01_000239.png,A:\HUST_on_GitHub\ProjectCV\dataset\GoPro\restored\GOPR0881_11_01_000239.png
test,GOPR0384_11_00_000062.png,A:\HUST_on_GitHub\ProjectCV\dataset\GoPro\input\GOPR0384_11_00_000062.png,A:\HUST_on_GitHub\ProjectCV\dataset\GoPro\restored\GOPR0384_11_00_000062.png
test,GOPR0384_11_00_000024.png,A:\HUST_on_GitHub\ProjectCV\dataset\GoPro\input\GOPR0384_11_00_000024.png,A:\HUST_on_GitHub\ProjectCV\dataset\GoPro\restored\GOPR0384_11_00_000024.png
test,GOPR0410_11_00_000101.png,A:\HUST_on_GitHub\ProjectCV\dataset\GoPro\input\GOPR0410_11_00_000101.png,A:\HUST_on_GitHub\ProjectCV\dataset\GoPro\restored\GOPR0410_11_00_000101.png
test,GOPR0871_11_00_000015.png,A:\HUST_on_GitHub\ProjectCV\dataset\GoPro\input\GOPR0871_11_00_000015.png,A:\HUST_on_GitHub\ProjectCV\dataset\GoPro\restored\GOPR0871_11_00_000015.png
test,GOPR0871_11_00_000075.png,A:\HUST_on_GitHub\ProjectCV\dataset\GoPro\input\GOPR0871_11_00_000075.png,A:\HUST_on_GitHub\ProjectCV\dataset\GoPro\restored\GOPR0871_11_00_000075.png
test,GOPR0869_11_00_000003.png,A:\HUST_on_GitHub\ProjectCV\dataset\GoPro\input\GOPR0869_11_00_000003.png,A:\HUST_on_GitHub\ProjectCV\dataset\GoPro\restored\GOPR0869_11_00_000003.png
test,GOPR0862_11_00_000045.png,A:\HUST_on_GitHub\ProjectCV\dataset\GoPro\input\GOPR0862_11_00_000045.png,A:\HUST_on_GitHub\ProjectCV\dataset\GoPro\restored\GOPR0862_11_00_000045.png
test,GOPR0881_11_01_000268.png,A:\HUST_on_GitHub\ProjectCV\dataset\GoPro\input\GOPR0881_11_01_000268.png,A:\HUST_on_GitHub\ProjectCV\dataset\GoPro\restored\GOPR0881_11_01_000268.png
test,GOPR0396_11_00_000001.png,A:\HUST_on_GitHub\ProjectCV\dataset\GoPro\input\GOPR0396_11_00_000001.png,A:\HUST_on_GitHub\ProjectCV\dataset\GoPro\restored\GOPR0396_11_00_000001.png
test,GOPR0385_11_01_003016.png,A:\HUST_on_GitHub\ProjectCV\dataset\GoPro\input\GOPR0385_11_01_003016.png,A:\HUST_on_GitHub\ProjectCV\dataset\GoPro\restored\GOPR0385_11_01_003016.png
test,GOPR0385_11_01_003021.png,A:\HUST_on_GitHub\ProjectCV\dataset\GoPro\input\GOPR0385_11_01_003021.png,A:\HUST_on_GitHub\ProjectCV\dataset\GoPro\restored\GOPR0385_11_01_003021.png
test,GOPR0868_11_00_000074.png,A:\HUST_on_GitHub\ProjectCV\dataset\GoPro\input\GOPR0868_11_00_000074.png,A:\HUST_on_GitHub\ProjectCV\dataset\GoPro\restored\GOPR0868_11_00_000074.png
test,GOPR0410_11_00_000159.png,A:\HUST_on_GitHub\ProjectCV\dataset\GoPro\input\GOPR0410_11_00_000159.png,A:\HUST_on_GitHub\ProjectCV\dataset\GoPro\restored\GOPR0410_11_00_000159.png
test,GOPR0869_11_00_000004.png,A:\HUST_on_GitHub\ProjectCV\dataset\GoPro\input\GOPR0869_11_00_000004.png,A:\HUST_on_GitHub\ProjectCV\dataset\GoPro\restored\GOPR0869_11_00_000004.png
test,GOPR0869_11_00_000068.png,A:\HUST_on_GitHub\ProjectCV\dataset\GoPro\input\GOPR0869_11_00_000068.png,A:\HUST_on_GitHub\ProjectCV\dataset\GoPro\restored\GOPR0869_11_00_000068.png
test,GOPR0384_11_00_000017.png,A:\HUST_on_GitHub\ProjectCV\dataset\GoPro\input\GOPR0384_11_00_000017.png,A:\HUST_on_GitHub\ProjectCV\dataset\GoPro\restored\GOPR0384_11_00_000017.png
test,GOPR0410_11_00_000142.png,A:\HUST_on_GitHub\ProjectCV\dataset\GoPro\input\GOPR0410_11_00_000142.png,A:\HUST_on_GitHub\ProjectCV\dataset\GoPro\restored\GOPR0410_11_00_000142.png
test,GOPR0384_11_00_000046.png,A:\HUST_on_GitHub\ProjectCV\dataset\GoPro\input\GOPR0384_11_00_000046.png,A:\HUST_on_GitHub\ProjectCV\dataset\GoPro\restored\GOPR0384_11_00_000046.png
test,GOPR0396_11_00_000015.png,A:\HUST_on_GitHub\ProjectCV\dataset\GoPro\input\GOPR0396_11_00_000015.png,A:\HUST_on_GitHub\ProjectCV\dataset\GoPro\restored\GOPR0396_11_00_000015.png
test,GOPR0410_11_00_000207.png,A:\HUST_on_GitHub\ProjectCV\dataset\GoPro\input\GOPR0410_11_00_000207.png,A:\HUST_on_GitHub\ProjectCV\dataset\GoPro\restored\GOPR0410_11_00_000207.png
test,GOPR0385_11_01_003072.png,A:\HUST_on_GitHub\ProjectCV\dataset\GoPro\input\GOPR0385_11_01_003072.png,A:\HUST_on_GitHub\ProjectCV\dataset\GoPro\restored\GOPR0385_11_01_003072.png
test,GOPR0384_11_00_000099.png,A:\HUST_on_GitHub\ProjectCV\dataset\GoPro\input\GOPR0384_11_00_000099.png,A:\HUST_on_GitHub\ProjectCV\dataset\GoPro\restored\GOPR0384_11_00_000099.png
test,GOPR0384_11_00_000039.png,A:\HUST_on_GitHub\ProjectCV\dataset\GoPro\input\GOPR0384_11_00_000039.png,A:\HUST_on_GitHub\ProjectCV\dataset\GoPro\restored\GOPR0384_11_00_000039.png
test,GOPR0881_11_01_000265.png,A:\HUST_on_GitHub\ProjectCV\dataset\GoPro\input\GOPR0881_11_01_000265.png,A:\HUST_on_GitHub\ProjectCV\dataset\GoPro\restored\GOPR0881_11_01_000265.png
test,GOPR0869_11_00_000086.png,A:\HUST_on_GitHub\ProjectCV\dataset\GoPro\input\GOPR0869_11_00_000086.png,A:\HUST_on_GitHub\ProjectCV\dataset\GoPro\restored\GOPR0869_11_00_000086.png
test,GOPR0385_11_01_003093.png,A:\HUST_on_GitHub\ProjectCV\dataset\GoPro\input\GOPR0385_11_01_003093.png,A:\HUST_on_GitHub\ProjectCV\dataset\GoPro\restored\GOPR0385_11_01_003093.png
test,GOPR0862_11_00_000072.png,A:\HUST_on_GitHub\ProjectCV\dataset\GoPro\input\GOPR0862_11_00_000072.png,A:\HUST_on_GitHub\ProjectCV\dataset\GoPro\restored\GOPR0862_11_00_000072.png
test,GOPR0871_11_00_000076.png,A:\HUST_on_GitHub\ProjectCV\dataset\GoPro\input\GOPR0871_11_00_000076.png,A:\HUST_on_GitHub\ProjectCV\dataset\GoPro\restored\GOPR0871_11_00_000076.png
test,GOPR0862_11_00_000018.png,A:\HUST_on_GitHub\ProjectCV\dataset\GoPro\input\GOPR0862_11_00_000018.png,A:\HUST_on_GitHub\ProjectCV\dataset\GoPro\restored\GOPR0862_11_00_000018.png
test,GOPR0384_11_05_004050.png,A:\HUST_on_GitHub\ProjectCV\dataset\GoPro\input\GOPR0384_11_05_004050.png,A:\HUST_on_GitHub\ProjectCV\dataset\GoPro\restored\GOPR0384_11_05_004050.png
test,GOPR0869_11_00_000062.png,A:\HUST_on_GitHub\ProjectCV\dataset\GoPro\input\GOPR0869_11_00_000062.png,A:\HUST_on_GitHub\ProjectCV\dataset\GoPro\restored\GOPR0869_11_00_000062.png
test,GOPR0868_11_00_000048.png,A:\HUST_on_GitHub\ProjectCV\dataset\GoPro\input\GOPR0868_11_00_000048.png,A:\HUST_on_GitHub\ProjectCV\dataset\GoPro\restored\GOPR0868_11_00_000048.png
test,GOPR0868_11_00_000041.png,A:\HUST_on_GitHub\ProjectCV\dataset\GoPro\input\GOPR0868_11_00_000041.png,A:\HUST_on_GitHub\ProjectCV\dataset\GoPro\restored\GOPR0868_11_00_000041.png
test,GOPR0385_11_01_003036.png,A:\HUST_on_GitHub\ProjectCV\dataset\GoPro\input\GOPR0385_11_01_003036.png,A:\HUST_on_GitHub\ProjectCV\dataset\GoPro\restored\GOPR0385_11_01_003036.png
test,GOPR0396_11_00_000031.png,A:\HUST_on_GitHub\ProjectCV\dataset\GoPro\input\GOPR0396_11_00_000031.png,A:\HUST_on_GitHub\ProjectCV\dataset\GoPro\restored\GOPR0396_11_00_000031.png
test,GOPR0384_11_05_004051.png,A:\HUST_on_GitHub\ProjectCV\dataset\GoPro\input\GOPR0384_11_05_004051.png,A:\HUST_on_GitHub\ProjectCV\dataset\GoPro\restored\GOPR0384_11_05_004051.png
test,GOPR0396_11_00_000084.png,A:\HUST_on_GitHub\ProjectCV\dataset\GoPro\input\GOPR0396_11_00_000084.png,A:\HUST_on_GitHub\ProjectCV\dataset\GoPro\restored\GOPR0396_11_00_000084.png
test,GOPR0396_11_00_000096.png,A:\HUST_on_GitHub\ProjectCV\dataset\GoPro\input\GOPR0396_11_00_000096.png,A:\HUST_on_GitHub\ProjectCV\dataset\GoPro\restored\GOPR0396_11_00_000096.png
test,GOPR0410_11_00_000203.png,A:\HUST_on_GitHub\ProjectCV\dataset\GoPro\input\GOPR0410_11_00_000203.png,A:\HUST_on_GitHub\ProjectCV\dataset\GoPro\restored\GOPR0410_11_00_000203.png
test,GOPR0385_11_01_003031.png,A:\HUST_on_GitHub\ProjectCV\dataset\GoPro\input\GOPR0385_11_01_003031.png,A:\HUST_on_GitHub\ProjectCV\dataset\GoPro\restored\GOPR0385_11_01_003031.png
test,GOPR0869_11_00_000061.png,A:\HUST_on_GitHub\ProjectCV\dataset\GoPro\input\GOPR0869_11_00_000061.png,A:\HUST_on_GitHub\ProjectCV\dataset\GoPro\restored\GOPR0869_11_00_000061.png
test,GOPR0862_11_00_000046.png,A:\HUST_on_GitHub\ProjectCV\dataset\GoPro\input\GOPR0862_11_00_000046.png,A:\HUST_on_GitHub\ProjectCV\dataset\GoPro\restored\GOPR0862_11_00_000046.png
test,GOPR0396_11_00_000013.png,A:\HUST_on_GitHub\ProjectCV\dataset\GoPro\input\GOPR0396_11_00_000013.png,A:\HUST_on_GitHub\ProjectCV\dataset\GoPro\restored\GOPR0396_11_00_000013.png
test,GOPR0854_11_00_000039.png,A:\HUST_on_GitHub\ProjectCV\dataset\GoPro\input\GOPR0854_11_00_000039.png,A:\HUST_on_GitHub\ProjectCV\dataset\GoPro\restored\GOPR0854_11_00_000039.png
test,GOPR0410_11_00_000107.png,A:\HUST_on_GitHub\ProjectCV\dataset\GoPro\input\GOPR0410_11_00_000107.png,A:\HUST_on_GitHub\ProjectCV\dataset\GoPro\restored\GOPR0410_11_00_000107.png
test,GOPR0384_11_05_004016.png,A:\HUST_on_GitHub\ProjectCV\dataset\GoPro\input\GOPR0384_11_05_004016.png,A:\HUST_on_GitHub\ProjectCV\dataset\GoPro\restored\GOPR0384_11_05_004016.png
test,GOPR0410_11_00_000137.png,A:\HUST_on_GitHub\ProjectCV\dataset\GoPro\input\GOPR0410_11_00_000137.png,A:\HUST_on_GitHub\ProjectCV\dataset\GoPro\restored\GOPR0410_11_00_000137.png
test,GOPR0384_11_00_000083.png,A:\HUST_on_GitHub\ProjectCV\dataset\GoPro\input\GOPR0384_11_00_000083.png,A:\HUST_on_GitHub\ProjectCV\dataset\GoPro\restored\GOPR0384_11_00_000083.png
test,GOPR0410_11_00_000113.png,A:\HUST_on_GitHub\ProjectCV\dataset\GoPro\input\GOPR0410_11_00_000113.png,A:\HUST_on_GitHub\ProjectCV\dataset\GoPro\restored\GOPR0410_11_00_000113.png
test,GOPR0410_11_00_000214.png,A:\HUST_on_GitHub\ProjectCV\dataset\GoPro\input\GOPR0410_11_00_000214.png,A:\HUST_on_GitHub\ProjectCV\dataset\GoPro\restored\GOPR0410_11_00_000214.png
test,GOPR0410_11_00_000180.png,A:\HUST_on_GitHub\ProjectCV\dataset\GoPro\input\GOPR0410_11_00_000180.png,A:\HUST_on_GitHub\ProjectCV\dataset\GoPro\restored\GOPR0410_11_00_000180.png
test,GOPR0384_11_05_004085.png,A:\HUST_on_GitHub\ProjectCV\dataset\GoPro\input\GOPR0384_11_05_004085.png,A:\HUST_on_GitHub\ProjectCV\dataset\GoPro\restored\GOPR0384_11_05_004085.png
test,GOPR0881_11_01_000223.png,A:\HUST_on_GitHub\ProjectCV\dataset\GoPro\input\GOPR0881_11_01_000223.png,A:\HUST_on_GitHub\ProjectCV\dataset\GoPro\restored\GOPR0881_11_01_000223.png
test,GOPR0410_11_00_000219.png,A:\HUST_on_GitHub\ProjectCV\dataset\GoPro\input\GOPR0410_11_00_000219.png,A:\HUST_on_GitHub\ProjectCV\dataset\GoPro\restored\GOPR0410_11_00_000219.png
test,GOPR0385_11_01_003015.png,A:\HUST_on_GitHub\ProjectCV\dataset\GoPro\input\GOPR0385_11_01_003015.png,A:\HUST_on_GitHub\ProjectCV\dataset\GoPro\restored\GOPR0385_11_01_003015.png
test,GOPR0385_11_01_003041.png,A:\HUST_on_GitHub\ProjectCV\dataset\GoPro\input\GOPR0385_11_01_003041.png,A:\HUST_on_GitHub\ProjectCV\dataset\GoPro\restored\GOPR0385_11_01_003041.png
test,GOPR0854_11_00_000021.png,A:\HUST_on_GitHub\ProjectCV\dataset\GoPro\input\GOPR0854_11_00_000021.png,A:\HUST_on_GitHub\ProjectCV\dataset\GoPro\restored\GOPR0854_11_00_000021.png
test,GOPR0396_11_00_000064.png,A:\HUST_on_GitHub\ProjectCV\dataset\GoPro\input\GOPR0396_11_00_000064.png,A:\HUST_on_GitHub\ProjectCV\dataset\GoPro\restored\GOPR0396_11_00_000064.png
test,GOPR0869_11_00_000089.png,A:\HUST_on_GitHub\ProjectCV\dataset\GoPro\input\GOPR0869_11_00_000089.png,A:\HUST_on_GitHub\ProjectCV\dataset\GoPro\restored\GOPR0869_11_00_000089.png
test,GOPR0881_11_01_000257.png,A:\HUST_on_GitHub\ProjectCV\dataset\GoPro\input\GOPR0881_11_01_000257.png,A:\HUST_on_GitHub\ProjectCV\dataset\GoPro\restored\GOPR0881_11_01_000257.png
test,GOPR0862_11_00_000006.png,A:\HUST_on_GitHub\ProjectCV\dataset\GoPro\input\GOPR0862_11_00_000006.png,A:\HUST_on_GitHub\ProjectCV\dataset\GoPro\restored\GOPR0862_11_00_000006.png
test,GOPR0868_11_00_000059.png,A:\HUST_on_GitHub\ProjectCV\dataset\GoPro\input\GOPR0868_11_00_000059.png,A:\HUST_on_GitHub\ProjectCV\dataset\GoPro\restored\GOPR0868_11_00_000059.png
test,GOPR0871_11_00_000083.png,A:\HUST_on_GitHub\ProjectCV\dataset\GoPro\input\GOPR0871_11_00_000083.png,A:\HUST_on_GitHub\ProjectCV\dataset\GoPro\restored\GOPR0871_11_00_000083.png
test,GOPR0384_11_05_004009.png,A:\HUST_on_GitHub\ProjectCV\dataset\GoPro\input\GOPR0384_11_05_004009.png,A:\HUST_on_GitHub\ProjectCV\dataset\GoPro\restored\GOPR0384_11_05_004009.png
test,GOPR0410_11_00_000209.png,A:\HUST_on_GitHub\ProjectCV\dataset\GoPro\input\GOPR0410_11_00_000209.png,A:\HUST_on_GitHub\ProjectCV\dataset\GoPro\restored\GOPR0410_11_00_000209.png
test,GOPR0384_11_05_004100.png,A:\HUST_on_GitHub\ProjectCV\dataset\GoPro\input\GOPR0384_11_05_004100.png,A:\HUST_on_GitHub\ProjectCV\dataset\GoPro\restored\GOPR0384_11_05_004100.png
test,GOPR0881_11_01_000216.png,A:\HUST_on_GitHub\ProjectCV\dataset\GoPro\input\GOPR0881_11_01_000216.png,A:\HUST_on_GitHub\ProjectCV\dataset\GoPro\restored\GOPR0881_11_01_000216.png
test,GOPR0384_11_05_004097.png,A:\HUST_on_GitHub\ProjectCV\dataset\GoPro\input\GOPR0384_11_05_004097.png,A:\HUST_on_GitHub\ProjectCV\dataset\GoPro\restored\GOPR0384_11_05_004097.png
test,GOPR0384_11_05_004035.png,A:\HUST_on_GitHub\ProjectCV\dataset\GoPro\input\GOPR0384_11_05_004035.png,A:\HUST_on_GitHub\ProjectCV\dataset\GoPro\restored\GOPR0384_11_05_004035.png
test,GOPR0869_11_00_000055.png,A:\HUST_on_GitHub\ProjectCV\dataset\GoPro\input\GOPR0869_11_00_000055.png,A:\HUST_on_GitHub\ProjectCV\dataset\GoPro\restored\GOPR0869_11_00_000055.png
test,GOPR0868_11_00_000025.png,A:\HUST_on_GitHub\ProjectCV\dataset\GoPro\input\GOPR0868_11_00_000025.png,A:\HUST_on_GitHub\ProjectCV\dataset\GoPro\restored\GOPR0868_11_00_000025.png
test,GOPR0869_11_00_000032.png,A:\HUST_on_GitHub\ProjectCV\dataset\GoPro\input\GOPR0869_11_00_000032.png,A:\HUST_on_GitHub\ProjectCV\dataset\GoPro\restored\GOPR0869_11_00_000032.png
test,GOPR0881_11_01_000281.png,A:\HUST_on_GitHub\ProjectCV\dataset\GoPro\input\GOPR0881_11_01_000281.png,A:\HUST_on_GitHub\ProjectCV\dataset\GoPro\restored\GOPR0881_11_01_000281.png
test,GOPR0410_11_00_000169.png,A:\HUST_on_GitHub\ProjectCV\dataset\GoPro\input\GOPR0410_11_00_000169.png,A:\HUST_on_GitHub\ProjectCV\dataset\GoPro\restored\GOPR0410_11_00_000169.png
test,GOPR0410_11_00_000160.png,A:\HUST_on_GitHub\ProjectCV\dataset\GoPro\input\GOPR0410_11_00_000160.png,A:\HUST_on_GitHub\ProjectCV\dataset\GoPro\restored\GOPR0410_11_00_000160.png
test,GOPR0869_11_00_000041.png,A:\HUST_on_GitHub\ProjectCV\dataset\GoPro\input\GOPR0869_11_00_000041.png,A:\HUST_on_GitHub\ProjectCV\dataset\GoPro\restored\GOPR0869_11_00_000041.png
test,GOPR0854_11_00_000077.png,A:\HUST_on_GitHub\ProjectCV\dataset\GoPro\input\GOPR0854_11_00_000077.png,A:\HUST_on_GitHub\ProjectCV\dataset\GoPro\restored\GOPR0854_11_00_000077.png
test,GOPR0396_11_00_000043.png,A:\HUST_on_GitHub\ProjectCV\dataset\GoPro\input\GOPR0396_11_00_000043.png,A:\HUST_on_GitHub\ProjectCV\dataset\GoPro\restored\GOPR0396_11_00_000043.png
test,GOPR0410_11_00_000111.png,A:\HUST_on_GitHub\ProjectCV\dataset\GoPro\input\GOPR0410_11_00_000111.png,A:\HUST_on_GitHub\ProjectCV\dataset\GoPro\restored\GOPR0410_11_00_000111.png
test,GOPR0384_11_00_000053.png,A:\HUST_on_GitHub\ProjectCV\dataset\GoPro\input\GOPR0384_11_00_000053.png,A:\HUST_on_GitHub\ProjectCV\dataset\GoPro\restored\GOPR0384_11_00_000053.png
test,GOPR0384_11_00_000069.png,A:\HUST_on_GitHub\ProjectCV\dataset\GoPro\input\GOPR0384_11_00_000069.png,A:\HUST_on_GitHub\ProjectCV\dataset\GoPro\restored\GOPR0384_11_00_000069.png
test,GOPR0410_11_00_000132.png,A:\HUST_on_GitHub\ProjectCV\dataset\GoPro\input\GOPR0410_11_00_000132.png,A:\HUST_on_GitHub\ProjectCV\dataset\GoPro\restored\GOPR0410_11_00_000132.png
test,GOPR0384_11_00_000067.png,A:\HUST_on_GitHub\ProjectCV\dataset\GoPro\input\GOPR0384_11_00_000067.png,A:\HUST_on_GitHub\ProjectCV\dataset\GoPro\restored\GOPR0384_11_00_000067.png
test,GOPR0871_11_00_000004.png,A:\HUST_on_GitHub\ProjectCV\dataset\GoPro\input\GOPR0871_11_00_000004.png,A:\HUST_on_GitHub\ProjectCV\dataset\GoPro\restored\GOPR0871_11_00_000004.png
test,GOPR0871_11_00_000003.png,A:\HUST_on_GitHub\ProjectCV\dataset\GoPro\input\GOPR0871_11_00_000003.png,A:\HUST_on_GitHub\ProjectCV\dataset\GoPro\restored\GOPR0871_11_00_000003.png
test,GOPR0881_11_01_000287.png,A:\HUST_on_GitHub\ProjectCV\dataset\GoPro\input\GOPR0881_11_01_000287.png,A:\HUST_on_GitHub\ProjectCV\dataset\GoPro\restored\GOPR0881_11_01_000287.png
test,GOPR0384_11_05_004047.png,A:\HUST_on_GitHub\ProjectCV\dataset\GoPro\input\GOPR0384_11_05_004047.png,A:\HUST_on_GitHub\ProjectCV\dataset\GoPro\restored\GOPR0384_11_05_004047.png
test,GOPR0868_11_00_000053.png,A:\HUST_on_GitHub\ProjectCV\dataset\GoPro\input\GOPR0868_11_00_000053.png,A:\HUST_on_GitHub\ProjectCV\dataset\GoPro\restored\GOPR0868_11_00_000053.png
test,GOPR0869_11_00_000016.png,A:\HUST_on_GitHub\ProjectCV\dataset\GoPro\input\GOPR0869_11_00_000016.png,A:\HUST_on_GitHub\ProjectCV\dataset\GoPro\restored\GOPR0869_11_00_000016.png
test,GOPR0384_11_05_004005.png,A:\HUST_on_GitHub\ProjectCV\dataset\GoPro\input\GOPR0384_11_05_004005.png,A:\HUST_on_GitHub\ProjectCV\dataset\GoPro\restored\GOPR0384_11_05_004005.png
test,GOPR0410_11_00_000151.png,A:\HUST_on_GitHub\ProjectCV\dataset\GoPro\input\GOPR0410_11_00_000151.png,A:\HUST_on_GitHub\ProjectCV\dataset\GoPro\restored\GOPR0410_11_00_000151.png
test,GOPR0384_11_00_000084.png,A:\HUST_on_GitHub\ProjectCV\dataset\GoPro\input\GOPR0384_11_00_000084.png,A:\HUST_on_GitHub\ProjectCV\dataset\GoPro\restored\GOPR0384_11_00_000084.png
test,GOPR0384_11_05_004098.png,A:\HUST_on_GitHub\ProjectCV\dataset\GoPro\input\GOPR0384_11_05_004098.png,A:\HUST_on_GitHub\ProjectCV\dataset\GoPro\restored\GOPR0384_11_05_004098.png
test,GOPR0410_11_00_000213.png,A:\HUST_on_GitHub\ProjectCV\dataset\GoPro\input\GOPR0410_11_00_000213.png,A:\HUST_on_GitHub\ProjectCV\dataset\GoPro\restored\GOPR0410_11_00_000213.png
